id,answer,source,focus_area
0,"There are many different types and designs of artificial knees. Most consist of three components: -  the femoral component, which is the part that attaches to the thigh bone  - the tibial component, the part that attaches to the shin bone   - the patellar component, the knee cap. the femoral component, which is the part that attaches to the thigh bone the tibial component, the part that attaches to the shin bone the patellar component, the knee cap. Total and Partial Knee Replacement Knee replacement may be either total or partial/unicompartmental. In total knee replacement, as the name suggests, the entire knee joint is replaced. You will likely need a total knee replacement if you have damage to several parts of your knee. In partial/unicompartmental knee replacement, the surgeon replaces just the damaged part of the knee. You may be able to have a partial knee replacement if only one section of your knee is damaged. However, when one part is replaced, there is a chance that another part will develop arthritis, requiring further surgery. Cemented and Uncemented Joint Components Joint components may also be attached to your own bone in different ways. Most are cemented with a special joint glue into your existing bone; others rely on a process called biologic fixation to hold them in place. This means that the parts are made with a porous surface, and over time your own bone grows into the joint surface to secure them. In some cases, surgeons use a combination of cemented and uncemented parts. This is referred to as a hybrid implant. Minimally Invasive Surgery While some knee replacement surgery requires an 8- to 12-inch incision in the front of the knee, surgeons at many medical centers are now performing what is called minimally invasive surgery using incisions of 3 to 5 inches or even smaller. Because the incision is smaller, there may be less pain and a shorter recovery time. If you think you might be interested in minimally invasive surgery, speak with your surgeon.",NIHSeniorHealth,Knee Replacement
1,"- a need to urinate frequently, especially at night  - difficulty starting urination or holding back urine  - inability to urinate  - weak or interrupted flow of urine a need to urinate frequently, especially at night difficulty starting urination or holding back urine inability to urinate weak or interrupted flow of urine If prostate cancer develops and is not treated, it can cause these symptoms: - painful or burning urination  - difficulty in having an erection  - painful ejaculation  - blood in urine or semen  - pain or stiffness in the lower back, hips, or upper thighs painful or burning urination difficulty in having an erection painful ejaculation blood in urine or semen pain or stiffness in the lower back, hips, or upper thighs",NIHSeniorHealth,Prostate Cancer
2,"Who Should Be Tested? The United States Preventive Service Task Force recommends that women aged 65 and older be screened (tested) for osteoporosis, as well as women aged 60 and older who are at increased risk for an osteoporosis-related fracture. However, the decision of whether or not to have a bone density test is best made between a patient and his or her physician. Medicare will usually cover the cost of a bone density test, and a follow up test every 2 years, for female beneficiaries. It also will cover screening and follow up of any male Medicare recipients who have significant risk factors for osteoporosis. When To Talk With a Doctor Consider talking to your doctor about being evaluated for osteoporosis if - you are a man or woman over age 50 or a postmenopausal woman and you break a bone  - you are a woman age 65 or older  - you are a woman younger than 65 and at high risk for fractures   - you have lost height, developed a stooped or hunched posture, or experienced sudden back pain with no apparent cause  - you have been taking glucocorticoid medications such as prednisone, cortisone, or dexamethasone for 2 months or longer or are taking other medications known to cause bone loss   - you have a chronic illness or are taking a medication that is known to cause bone loss   - you have anorexia nervosa or a history of this eating disorder.  - you are a premenopausal woman, not pregnant, and your menstrual periods have stopped, are irregular, or never started when you reached puberty.  you are a man or woman over age 50 or a postmenopausal woman and you break a bone you are a woman age 65 or older you are a woman younger than 65 and at high risk for fractures you have lost height, developed a stooped or hunched posture, or experienced sudden back pain with no apparent cause you have been taking glucocorticoid medications such as prednisone, cortisone, or dexamethasone for 2 months or longer or are taking other medications known to cause bone loss you have a chronic illness or are taking a medication that is known to cause bone loss you have anorexia nervosa or a history of this eating disorder. you are a premenopausal woman, not pregnant, and your menstrual periods have stopped, are irregular, or never started when you reached puberty. Diagnosing Osteoporosis Diagnosing osteoporosis involves several steps, starting with a physical exam and a careful medical history, blood and urine tests, and possibly a bone mineral density assessment. When recording information about your medical history, your doctor will ask questions to find out whether you have risk factors for osteoporosis and fractures. The doctor may ask about -  any fractures you have had   -  your lifestyle (including diet, exercise habits, and whether you smoke)  - current or past health problems   - medications that could contribute to low bone mass and increased fracture risk  - your family history of osteoporosis and other diseases   - for women, your menstrual history.  any fractures you have had your lifestyle (including diet, exercise habits, and whether you smoke) current or past health problems medications that could contribute to low bone mass and increased fracture risk your family history of osteoporosis and other diseases for women, your menstrual history. The doctor will also do a physical exam that should include checking for loss of height and changes in posture and may include checking your balance and gait (the way you walk). Bone Density Tests The test used to diagnose osteoporosis is called a bone density test. This test is a measure of how strong -- or dense -- your bones are and can help your doctor predict your risk for having a fracture. Bone density tests are painless, safe, and require no preparation on your part. Bone density tests compare your bone density to the bones of an average healthy young adult. The test result, known as a T-score, tells you how strong your bones are, whether you have osteoporosis or osteopenia (low bone mass that is not low enough to be diagnosed as osteoporosis), and your risk for having a fracture. Some bone density tests measure the strength of the hip, spine, and/or wrist, which are the bones that break most often in people with osteoporosis. Other tests measure bone in the heel or hand. Although no bone density test is 100 percent accurate, it is the single most important diagnostic test to predict whether a person will have a fracture in the future. The most widely recognized bone density test is a central DXA (dual-energy x-ray absorptiometry) scan of the hip and spine. This test shows if you have normal bone density, low bone mass, or osteoporosis. It is also used to monitor bone density changes as a person ages or in response to treatment.",NIHSeniorHealth,Osteoporosis
3,"Risk Factors Diabetes and high blood pressure are the two leading causes of kidney disease. Both diabetes and high blood pressure damage the small blood vessels in your kidneys and can cause kidney disease -- without you feeling it. Other risk factors for kidney disease include: - cardiovascular (heart) disease  - family history -- if you have a mother, father, sister, or brother who has had kidney failure, then you are at increased risk. cardiovascular (heart) disease family history -- if you have a mother, father, sister, or brother who has had kidney failure, then you are at increased risk. Additionally, African Americans, Hispanics, and Native Americans are at high risk for developing kidney failure. This is in part due to high rates of diabetes and high blood pressure in these communities.  If you have ANY of these risk factors, talk to your health care provider about getting tested for kidney disease. If you have kidney disease, you may not feel any different. It is very important to get tested if you are at risk. (Watch the video to learn more about reducing your risk for kidney disease. To enlarge the video, click the brackets in the lower right-hand corner. To reduce the video, press the Escape (Esc) button on your keyboard.) Prevention If you are at risk for kidney disease, the most important steps you can take to keep your kidneys healthy are to - get your blood and urine checked for kidney disease.  - manage your diabetes, high blood pressure, and heart disease. get your blood and urine checked for kidney disease. manage your diabetes, high blood pressure, and heart disease. Manage your diabetes and high blood pressure, and keep your kidneys healthy by -  eating healthy foods: fresh fruits, fresh or frozen vegetables, whole grains, and low-fat dairy foods  - cutting back on salt   - limiting your alcohol intake   - being more physically active   - losing weight if you are overweight   - taking your medicines the way your provider tells you to   - keeping your cholesterol levels in the target range   - taking steps to quit, if you smoke  - seeing your doctor regularly.  eating healthy foods: fresh fruits, fresh or frozen vegetables, whole grains, and low-fat dairy foods cutting back on salt limiting your alcohol intake being more physically active losing weight if you are overweight taking your medicines the way your provider tells you to keeping your cholesterol levels in the target range taking steps to quit, if you smoke seeing your doctor regularly. By following these steps and keeping risk factors under control -- especially your blood pressure -- you may be able to delay or even prevent kidney failure. Talk to your health care provider to find out the steps that are right for you. Learn about preventing high blood pressure.  Learn about preventing type 2 diabetes.",NIHSeniorHealth,Kidney Disease
4,"Kidney Disease Kidney disease is often called a ""silent"" disease, because most people have no symptoms with early kidney disease. In fact, you might feel just fine until your kidneys have almost stopped working. Do NOT wait for symptoms! If you are at risk for kidney disease, talk to your health care provider about getting tested. (Watch the video to learn more about the symptoms of kidney disease. To enlarge the videos on this page, click the brackets in the lower right-hand corner of the video screen. To reduce the videos, press the Escape (Esc) button on your keyboard.) Symptoms of Kidney Failure Kidney failure means that damaged kidneys are filtering less than 15% of the amount of blood filtered by healthy kidneys. If kidney disease progresses to kidney failure, a number of symptoms may occur. Some people experience fatigue, some lose their appetite, and some have leg cramps. These problems are caused by waste products that build up in the blood, a condition known as uremia. Healthy kidneys remove waste products from the blood. When the kidneys stop working, uremia occurs. The kidneys also make hormones and balance the minerals in the blood. When the kidneys stop working, most people develop conditions that affect the blood, bones, nerves, and skin. These problems may include itching, sleep problems, restless legs, weak bones, joint problems, and depression. How Kidney Disease Is Diagnosed  Blood and urine tests are the only way to check for kidney damage or measure kidney function. It is important for you to get checked for kidney disease if you have the key risk factors, which are - diabetes  - high blood pressure   - heart disease  - a family history of kidney failure.  diabetes high blood pressure heart disease a family history of kidney failure. If you are at risk, ask about your kidneys at your next medical appointment. The sooner you know you have kidney disease, the sooner you can get treatment to help delay or prevent kidney failure. If you have diabetes, high blood pressure, heart disease, or a family history of kidney failure, you should get a blood and urine test to check your kidneys. Talk to your provider about how often you should be tested. (Watch the video to learn more about tests for kidney disease.) Blood Test The blood test checks your GFR. GFR stands for glomerular (glow-MAIR-you-lure) filtration rate. GFR is a measure of how much blood your kidneys filter each minute. This shows how well your kidneys are working. GFR is reported as a number. -  A GFR of 60 or higher is in the normal range.   - A GFR below 60 may mean you have kidney disease. However, because GFR decreases as people age, other information may be needed to determine if you actually have kidney disease.  - A GFR of 15 or lower may mean kidney failure.  A GFR of 60 or higher is in the normal range. A GFR below 60 may mean you have kidney disease. However, because GFR decreases as people age, other information may be needed to determine if you actually have kidney disease. A GFR of 15 or lower may mean kidney failure. You can't raise your GFR, but you can try to keep it from going lower. Ask your healthcare provider what you can do to keep your kidneys healthy.  Learn more about the GFR test. Urine Test The urine test looks for albumin (al-BYOO-min), a type of protein, in your urine. A healthy kidney does not let albumin pass into the urine. A damaged kidney lets some albumin pass into the urine. This test has several different names. You could be told that you are being screened for ""proteinuria"" or ""albuminuria"" or ""microalbuminuria."" Or you could be told that your ""urine albumin-to-creatinine ratio"" (UACR) is being measured. If you have albumin or protein in your urine, it could mean you have kidney disease. -  A urine albumin result below 30 is normal.  - A urine albumin result above 30 is not normal and may mean kidney disease. A urine albumin result below 30 is normal. A urine albumin result above 30 is not normal and may mean kidney disease. Learn more about the urine albumin test. Your healthcare provider might do additional tests to be sure.",NIHSeniorHealth,Kidney Disease
5,"The most common symptom of dry AMD is slightly blurred vision. You may have difficulty recognizing faces. You may need more light for reading and other tasks. Dry AMD generally affects both eyes, but vision can be lost in one eye while the other eye seems unaffected. One of the most common early signs of dry AMD is drusen. Drusen are yellow deposits under the retina. They often are found in people over age 50. Your eye care professional can detect drusen during a comprehensive dilated eye exam.",NIHSeniorHealth,Age-related Macular Degeneration
6,"Depending on the cause of your smell disorder, your doctor may be able to treat your problem or suggest ways to cope with it. If a certain medication is the cause of the disorder, ask your doctor if you could substitute other medications or reduce the dose. Your doctor will work with you to get the medicine you need while trying to reduce unwanted side effects. Some patients with respiratory infections or allergies regain their sense of smell when the illness or condition is over. Often, correcting a general medical problem also can restore the sense of smell. For patients with nasal obstructions, such as polyps, or other inflammatory conditions of the nose or sinuses, medical treatments or surgery can restore the sense of smell. Occasionally, the sense of smell returns to normal on its own, without any treatment. Your doctor may suggest oral steroid medications such as prednisone, which is usually used for a short period of time, or topical steroid sprays, which can be used for longer periods of time. Antibiotics are also used to treat nasal infections. The effectiveness of both steroids and antibiotics depends greatly on the severity and duration of the nasal swelling or infection. Often relief is temporary.",NIHSeniorHealth,Problems with Smell
7,"The body is made up of many types of cells. Normally, cells grow, divide, and produce more cells as needed to keep the body healthy. Sometimes, however, the process goes wrong. Cells become abnormal and form more cells in an uncontrolled way. These extra cells form a mass of tissue, called a growth or tumor. Tumors can be benign, which means not cancerous, or malignant, which means cancerous.",NIHSeniorHealth,Breast Cancer
8,"For surgery, the main side effects are short-term pain and tenderness around the area of the operation. For chemotherapy, the side effects depend on which drugs you take and what the dosages are. Most often the side effects include nausea, vomiting, and hair loss. For radiation therapy, fatigue, loss of appetite, nausea, and diarrhea may occur. There are many new drugs that have greatly reduced the degree of nausea that used to be experienced because of some of these treatments.",NIHSeniorHealth,Colorectal Cancer
9,"Dopamine is a brain chemical messenger, or neurotransmitter. It is responsible for transmitting signals between a brain region called the substantia nigra and multiple brain regions. The connection between the substantia nigra and the corpus striatum is critical to produce smooth, purposeful movement. Loss of dopamine results in abnormal nerve-firing patterns within the brain that cause impaired movement.",NIHSeniorHealth,Parkinson's Disease
10,"Lewy bodies are unusual deposits or clumps of the brain protein alpha-synuclein, along with other proteins, which are seen upon microscopic examination of the brain. Many brain cells of people with Parkinson's disease contain Lewy bodies. Researchers do not yet know why Lewy bodies form or what role they play in the development of Parkinson's disease. The clumps may prevent the cell from functioning normally, or they may actually be helpful, perhaps by keeping harmful proteins ""locked up"" so that the cells can function.",NIHSeniorHealth,Parkinson's Disease
11,"There are currently no blood or laboratory tests to diagnose sporadic Parkinson's disease. Diagnosis is based on a person's medical history and a neurological examination, but the disease can be difficult to diagnose accurately. Doctors may sometimes request brain scans or laboratory tests in order to rule out other diseases. However, computed tomography (CT) and magnetic resonance imaging (MRI) brain scans of people with Parkinson's usually appear normal. Recently, the FDA (Food and Drug Administration) has approved an imaging technique called DaTscan, which may help to increase accuracy of the diagnosis of Parkinsons disease. Since many other diseases have similar features but require different treatments, it is very important to make an exact diagnosis as soon as possible to ensure proper treatment.",NIHSeniorHealth,Parkinson's Disease
12,"The first step in treating urinary incontinence is to see a health care provider. He or she will give you a physical exam and take your medical history. The provider will ask about your symptoms and the medicines you use. He or she will want to know if you have been sick recently or have had surgery. Your provider also may do a number of tests. These might include - urine tests  - tests that measure how well you empty your bladderusually by ultrasound. urine tests tests that measure how well you empty your bladderusually by ultrasound. In addition, your health care provider may ask you to keep a daily diary of when you urinate and when you leak urine. Your family provider may also send you to a urologist or urogynecologist, doctors who specialize in urinary tract problems Get tips on choosing a health care provider. (Watch the video above to learn more about what to expect when seeking care for a bladder problem. To enlarge the video, click the brackets in the lower right-hand corner. To reduce the video, press the Escape (Esc) button on your keyboard.)",NIHSeniorHealth,Urinary Incontinence
13,"National Eye Institute  National Institutes of Health  2020 Vision Place  Bethesda, MD 20892-3655  301-496-5248  E-mail: 2020@nei.nih.gov  www.nei.nih.gov For more information about intraocular lenses, or IOLs, contact:  U.S. Food and Drug Administration  10903 New Hampshire Avenue  Silver Spring, MD 20993-0002  1-888-463-6332  E-mail: webmail@oc.fda.gov",NIHSeniorHealth,Cataract
14,"Shingles is a painful rash that develops on one side of the face or body. The rash forms blisters that typically scab over in 7 to 10 days and clear up within 2 to 4 weeks. Most commonly, the rash occurs in a single stripe around either the left or the right side of the body. In other cases, the rash occurs on one side of the face. In rare cases (usually among people with weakened immune systems), the rash may be more widespread and look similar to a chickenpox rash. Shingles is very common. Fifty percent of all Americans will have had shingles by the time they are 80. While shingles occurs in people of all ages, it is most common in 60- to 80-year-olds. In fact, one out of every three people 60 years or older will get shingles. (Watch the video to learn more about shingles. To enlarge the video, click the brackets in the lower right-hand corner. To reduce the video, press the Escape (Esc) button on your keyboard.) What Causes Shingles? Shingles is caused by a reactivation of the chickenpox virus. It is distinctive because it affects only one side of the body. The early signs of shingles usually develop in three stages: severe pain or tingling, possibly itchy rash, and blisters that look like chickenpox. The virus that causes shingles is a herpes virus, (Another name for shingles is herpes zoster.) Once you are infected with this kind of virus, it remains in your body for life. It stays inactive until a period when your immunity is down. Shingles and Pain The most common complication of shingles is pain -- a condition called post-herpetic neuralgia (PHN). People with PHN have severe pain in the areas where they had the shingles rash, even after the rash clears up. In most patients, the pain usually clears up in a few weeks or months, but some people can have pain from PHN for years. Persistent pain from shingles is a common symptom in people over 60. In fact, one out of six people older than 60 years who get shingles will have severe pain. As people get older, they are more likely to develop long-term pain as a complication of shingles and the pain is likely to be more severe. Other Complications Shingles may also lead to other serious complications. - Outbreaks that start on the face or eyes can cause vision or hearing problems. Even permanent blindness can result if the cornea of the eye is affected.  -  Bacterial infection of the open sores can lead to scarring.  Outbreaks that start on the face or eyes can cause vision or hearing problems. Even permanent blindness can result if the cornea of the eye is affected. Bacterial infection of the open sores can lead to scarring. - In a very small number of cases, bacteria can cause more serious conditions, including toxic shock syndrome and necrotizing fasciitis, a severe infection that destroys the soft tissue under the skin.  - The burning waves of pain, loss of sleep, and interference with even basic life activities can cause serious depression.  - In patients with immune deficiency, the rash can be much more extensive than usual and the illness can be complicated by pneumonia. These cases are more serious, but they are rarely fatal.  - Very rarely, shingles can also lead to pneumonia, brain inflammation (encephalitis), or death.  In a very small number of cases, bacteria can cause more serious conditions, including toxic shock syndrome and necrotizing fasciitis, a severe infection that destroys the soft tissue under the skin. The burning waves of pain, loss of sleep, and interference with even basic life activities can cause serious depression. In patients with immune deficiency, the rash can be much more extensive than usual and the illness can be complicated by pneumonia. These cases are more serious, but they are rarely fatal. Very rarely, shingles can also lead to pneumonia, brain inflammation (encephalitis), or death. Shingles Usually Does Not Return People who develop shingles usually have only one episode in their lifetime. However, a person can have a second or even a third episode. The Shingles Vaccine Adults 60 years old or older should talk to their healthcare professional about getting a one-time dose of the shingles vaccine. The vaccine can reduce your risk of shingles and the long-term pain it can cause. If you have already had shingles or you have a chronic medical condition, you can receive the shingles vaccine. (See more about the shingles vaccine in the chapter Prevention.) Is Shingles Contagious? Shingles cannot be passed from one person to another. However, the virus that causes shingles, the varicella zoster virus, can be spread from a person with active shingles to another person who has never had chickenpox. In such cases, the person exposed to the virus might develop chickenpox, but they would not develop shingles. The virus is spread through direct contact with fluid from the rash blisters caused by shingles. A person with active shingles can spread the virus when the rash is in the blister phase. A person is not infectious before the blisters appear. Once the rash has developed crusts, the person is no longer contagious. Shingles is less contagious than chickenpox and the risk of a person with shingles spreading the virus is low if the rash is covered. If You Have Shingles If you have shingles, - keep the rash covered  - avoid touching or scratching the rash  - wash your hands often to prevent the spread of varicella zoster virus.  keep the rash covered avoid touching or scratching the rash wash your hands often to prevent the spread of varicella zoster virus. Until your rash has developed crusts, avoid contact with - pregnant women who have never had chickenpox or the chickenpox vaccine  - premature or low birth weight infants  - people with weakened immune systems, such as people receiving immunosuppressive medications or undergoing chemotherapy, organ transplant recipients, and people with human immunodeficiency virus (HIV) infection. pregnant women who have never had chickenpox or the chickenpox vaccine premature or low birth weight infants people with weakened immune systems, such as people receiving immunosuppressive medications or undergoing chemotherapy, organ transplant recipients, and people with human immunodeficiency virus (HIV) infection. If you have not had chickenpox and you come into contact with someone who has shingles, ask your healthcare provider whether you should get a chickenpox vaccination.  To learn more, see ""What You Need to Know about Shingles and the Shingles Vaccine.""",NIHSeniorHealth,Shingles
15,"Blood Flow to the Heart Is Blocked The heart works 24 hours a day, pumping oxygen and nutrient-rich blood to the body. Blood is supplied to the heart through its coronary arteries. If a blood clot suddenly blocks a coronary artery, it cuts off most or all blood supply to the heart, and a heart attack results. If blood flow isn't restored quickly, the section of heart muscle begins to die. The more time that passes without treatment to restore blood flow, the greater the damage to the heart. Affects Both Men and Women Heart attacks are a leading killer of both men and women in the United States. Each year, more than one million people in the U.S. have a heart attack and about half of them die. Half of those who die do so within one hour of the start of symptoms and before reaching the hospital. The good news is that excellent treatments are available for heart attacks. These treatments can save lives and prevent disabilities. Prompt Treatment Is Important Heart attack treatment works best when it's given right after symptoms occur. Prompt treatment of a heart attack can help prevent or limit damage to the heart and prevent sudden death. Call 9-1-1 Right Away A heart attack is an emergency. Call 9-1-1 for an ambulance right away -- within 5 minutes -- if you think you or someone else may be having a heart attack. You also should call for help if your chest pain doesn't go away as it usually does when you take medicine prescribed for angina (chest pain). Do not drive to the hospital or let someone else drive you. Emergency personnel in the ambulance can begin life-saving treatment on the way to the emergency room. They carry drugs and equipment that can help your medical condition, including - oxygen   - aspirin to prevent further blood clotting   - heart medications, such as nitroglycerin   - pain relief treatments  - defibrillators that can restart the heart if it stops beating.  oxygen aspirin to prevent further blood clotting heart medications, such as nitroglycerin pain relief treatments defibrillators that can restart the heart if it stops beating. If blood flow in the blocked artery can be restored quickly, permanent heart damage may be prevented. Yet, many people do not seek medical care for 2 hours or more after symptoms start.",NIHSeniorHealth,Heart Attack
16,"What Happens During Screening? Checking for cancer in a person who does not have any symptoms is called screening. Screening can help diagnose skin problems before they have a chance to become cancerous. A doctor, usually a dermatologist, screens for skin cancer by performing a total-body skin examination. During a skin exam, the dermatologist or other health care professional looks for changes in the skin that could be skin cancer, and checks moles, birth marks, or pigmentation for the ABCD signs of melanoma. He or she is looking for abnormal size, color, shape, or texture of moles, and irregular patches of skin. Screening examinations are very likely to detect large numbers of benign skin conditions, which are very common in older people. Even experienced doctors have difficulty distinguishing between benign skin irregularities and early carcinomas or melanomas. To reduce the possibility of misdiagnosis, you might want to get a second opinion from another health professional. Self-Examinations You can also perform self-examinations to check for early signs of melanoma. Make sure to have someone else check your back and other hard to see areas. Do not attempt to shave off or cauterize (destroy with heat) any suspicious areas of skin. Risk Tool The National Cancer Institute developed a Melanoma Risk Tool which can help patients and their doctors determine their risk. The tool can be found at http://www.cancer.gov/melanomarisktool/. Performing a Biopsy In order to diagnose whether or not there is skin cancer, a mole or small piece of abnormal skin is usually removed. Then, a doctor will study the suspicious cells under a microscope or perform other tests on the skin sample. This procedure is called a biopsy. It is the only sure way to diagnose skin cancer. You may have the biopsy in a doctor's office or as an outpatient in a clinic or hospital. Where it is done depends on the size and place of the abnormal area on your skin. You may have local anesthesia, which means that you can be awake for the procedure. If Cancer Is Found If the biopsy shows you have cancer, tests might be done to find out if cancer cells have spread within the skin or to other parts of the body. Often the cancer cells spread to nearby tissues and then to the lymph nodes. Has the Cancer Spread? Lymph nodes are an important part of the body's immune system. Lymph nodes are masses of lymphatic tissue surrounded by connective tissue. Lymph nodes play a role in immune defense by filtering lymphatic fluid and storing white blood cells. Often in the case of melanomas, a surgeon performs a lymph node test by injecting either a radioactive substance or a blue dye (or both) near the skin tumor. Next, the surgeon uses a scanner to find the lymph nodes containing the radioactive substance or stained with the dye. The surgeon might then remove the nodes to check for the presence of cancer cells. If the doctor suspects that the tumor may have spread, the doctor might also use computed axial tomography (CAT scan or CT scan), or magnetic resonance imaging (MRI) to try to locate tumors in other parts of the body.",NIHSeniorHealth,Skin Cancer
17,"Squamous cell carcinoma develops in the squamous cells of the epidermis, the outer layer of the skin. It is much less common than basal cell carcinoma and is rarely life-threatening. Squamous cell carcinoma occurs most often on parts of the body that have been exposed to the sun, such as the face, ears, neck, hands and legs. However, it can be found on any part of the body.",NIHSeniorHealth,Skin Cancer
18,"Currently, no medication can cure Alzheimers disease, but four medicines are approved to treat the symptoms of the disease. - Aricept (donezepil)for all stages of Alzheimers  - Exelon (rivastigmine)for mild to moderate Alzheimers  - Razadyne (galantamine)--for mild to moderate Alzheimers  - Namenda (memantine)for moderate to severe Alzheimers  -  Namzarec (memantine and donepezil)for moderate to severe Alzheimers Aricept (donezepil)for all stages of Alzheimers Exelon (rivastigmine)for mild to moderate Alzheimers Razadyne (galantamine)--for mild to moderate Alzheimers Namenda (memantine)for moderate to severe Alzheimers Namzarec (memantine and donepezil)for moderate to severe Alzheimers These medications can help slow down memory loss and allow people with Alzheimers to be more comfortable and independent for a longer time. If appropriate, the persons doctor may prescribe a medicine to treat behavior problems such as anxiety, depression, and aggression. Medicines to treat these behavior problems should be used only after other strategies have been tried. Talk with the doctor about which medicines are safest and most effective.",NIHSeniorHealth,Alzheimer's Caregiving
19,"National Eye Institute  National Institutes of Health  2020 Vision Place  Bethesda, MD 20892-3655  301-496-5248  E-mail: 2020@nei.nih.gov  www.nei.nih.gov",NIHSeniorHealth,Dry Eye
20,"Treatments may include deep cleaning, medications, surgery, and bone and tissue grafts.",NIHSeniorHealth,Gum (Periodontal) Disease
21,Lifestyle changes to treat heart failure may include - reducing salt and fluid intake  - following a heart healthy diet  - adopting a plan to lose weight  - quitting smoking   - engaging in physical activity. reducing salt and fluid intake following a heart healthy diet adopting a plan to lose weight quitting smoking engaging in physical activity.,NIHSeniorHealth,Heart Failure
22,"Key Points
                    - Gallbladder cancer is a disease in which malignant (cancer) cells form in the tissues of the gallbladder.    - Being female can increase the risk of developing gallbladder cancer.     - Signs and symptoms of gallbladder cancer include jaundice, fever, and pain.     - Gallbladder cancer is difficult to detect (find) and diagnose early.     - Tests that examine the gallbladder and nearby organs are used to detect (find), diagnose, and stage gallbladder cancer.     - Certain factors affect the prognosis (chance of recovery) and treatment options.
                
                
                    Gallbladder cancer is a disease in which malignant (cancer) cells form in the tissues of the gallbladder.
                    Gallbladder cancer is a rare disease in which malignant (cancer) cells are found in the tissues of the gallbladder. The gallbladder is a pear-shaped organ that lies just under the liver in the upper abdomen. The gallbladder stores bile, a fluid made by the liver to digest fat. When food is being broken down in the stomach and intestines, bile is released from the gallbladder through a tube called the common bile duct, which connects the gallbladder and liver to the first part of the small intestine.      The wall of the gallbladder has 3 main layers of tissue.          -  Mucosal (inner) layer.    - Muscularis (middle, muscle) layer.     -  Serosal (outer) layer.        Between these layers is supporting connective tissue. Primary gallbladder cancer starts in the inner layer and spreads through the outer layers as it grows.
                
                
                    Gallbladder cancer is difficult to detect (find) and diagnose early.
                    Gallbladder cancer is difficult to detect and diagnose for the following reasons:         - There are no signs or symptoms in the early stages of gallbladder cancer.    - The symptoms of gallbladder cancer, when present, are like the symptoms of many other illnesses.    - The gallbladder is hidden behind the liver.         Gallbladder cancer is sometimes found when the gallbladder is removed for other reasons. Patients with gallstones rarely develop gallbladder cancer.",CancerGov,Gallbladder Cancer
23,"Key Points
                    - There are different types of treatment for patients with myelodysplastic/myeloproliferative neoplasms.    - Five types of standard treatment are used:         -  Chemotherapy      - Other drug therapy     - Stem cell transplant     -  Supportive care      - Targeted therapy        - New types of treatment are being tested in clinical trials.     - Patients may want to think about taking part in a clinical trial.    - Patients can enter clinical trials before, during, or after starting their cancer treatment.    - Follow-up tests may be needed.
                
                
                    There are different types of treatment for patients with myelodysplastic/myeloproliferative neoplasms.
                    Different types of treatments are available for patients with myelodysplastic /myeloproliferative neoplasms. Some treatments are standard (the currently used treatment), and some are being tested in clinical trials. A treatment clinical trial is a research study meant to help improve current treatments or obtain information on new treatments for patients with cancer. When clinical trials show that a new treatment is better than the standard treatment, the new treatment may become the standard treatment. Patients may want to think about taking part in a clinical trial. Some clinical trials are open only to patients who have not started treatment.
                
                
                    Five types of standard treatment are used:
                    Chemotherapy      Chemotherapy is a cancer treatment that uses drugs to stop the growth of cancer cells, either by killing the cells or by stopping them from dividing. When chemotherapy is taken by mouth or injected into a vein or muscle, the drugs enter the bloodstream and can reach cancer cells throughout the body (systemic chemotherapy). When chemotherapy is placed directly into the cerebrospinal fluid, an organ, or a body cavity such as the abdomen, the drugs mainly affect cancer cells in those areas (regional chemotherapy). The way the chemotherapy is given depends on the type and stage of the cancer being treated. Combination chemotherapy is treatment using more than one anticancer drug.    See Drugs Approved for Myeloproliferative Neoplasms for more information.       Other drug therapy     13-cis retinoic acid is a vitamin -like drug that slows the cancer's ability to make more cancer cells and changes the way these cells look and act.       Stem cell transplant     Stem cell transplant is a method of replacing blood -forming cells that are destroyed by chemotherapy. Stem cells (immature blood cells) are removed from the blood or bone marrow of the patient or a donor and are frozen and stored. After the chemotherapy is completed, the stored stem cells are thawed and given back to the patient through an infusion. These reinfused stem cells grow into (and restore) the body's blood cells.            Supportive care      Supportive care is given to lessen the problems caused by the disease or its treatment. Supportive care may include transfusion therapy or drug therapy, such as antibiotics to fight infection.       Targeted therapy     Targeted therapy is a cancer treatment that uses drugs or other substances to attack cancer cells without harming normal cells. Targeted therapy drugs called tyrosine kinase inhibitors (TKIs) are used to treat myelodysplastic/myeloproliferative neoplasm, unclassifiable. TKIs block the enzyme, tyrosine kinase, that causes stem cells to become more blood cells (blasts) than the body needs. Imatinib mesylate (Gleevec) is a TKI that may be used. Other targeted therapy drugs are being studied in the treatment of JMML.     See Drugs Approved for Myeloproliferative Neoplasms for more information.
                
                
                    New types of treatment are being tested in clinical trials.
                    Information about clinical trials is available from the NCI website.
                
                
                    Patients may want to think about taking part in a clinical trial.
                    For some patients, taking part in a clinical trial may be the best treatment choice. Clinical trials are part of the cancer research process. Clinical trials are done to find out if new cancer treatments are safe and effective or better than the standard treatment.   Many of today's standard treatments for cancer are based on earlier clinical trials. Patients who take part in a clinical trial may receive the standard treatment or be among the first to receive a new treatment.   Patients who take part in clinical trials also help improve the way cancer will be treated in the future. Even when clinical trials do not lead to effective new treatments, they often answer important questions and help move research forward.
                
                
                    Patients can enter clinical trials before, during, or after starting their cancer treatment.
                    Some clinical trials only include patients who have not yet received treatment. Other trials test treatments for patients whose cancer has not gotten better. There are also clinical trials that test new ways to stop cancer from recurring (coming back) or reduce the side effects of cancer treatment.   Clinical trials are taking place in many parts of the country. See the Treatment Options section that follows for links to current treatment clinical trials. These have been retrieved from NCI's listing of clinical trials.
                
                
                    Follow-up tests may be needed.
                    Some of the tests that were done to diagnose the cancer or to find out the stage of the cancer may be repeated. Some tests will be repeated in order to see how well the treatment is working. Decisions about whether to continue, change, or stop treatment may be based on the results of these tests.   Some of the tests will continue to be done from time to time after treatment has ended. The results of these tests can show if your condition has changed or if the cancer has recurred (come back). These tests are sometimes called follow-up tests or check-ups.
                
                 
							            Treatment Options for Myelodysplastic/ Myeloproliferative Neoplasms
							            
							                
							                    Chronic Myelomonocytic Leukemia
							                    Treatment of chronic myelomonocytic leukemia (CMML) may include the following:         -  Chemotherapy with one or more agents.    -  Stem cell transplant.    - A clinical trial of a new treatment.        Check the list of NCI-supported cancer clinical trials that are now accepting patients with chronic myelomonocytic leukemia. For more specific results, refine the search by using other search features, such as the location of the trial, the type of treatment, or the name of the drug. Talk with your doctor about clinical trials that may be right for you. General information about clinical trials is available from the NCI website.
							                
							                
							                    Juvenile Myelomonocytic Leukemia
							                    Treatment of juvenile myelomonocytic leukemia (JMML) may include the following:         -  Combination chemotherapy.    -  Stem cell transplant.    -  13-cis-retinoic acid therapy.    - A clinical trial of a new treatment, such as targeted therapy.        Check the list of NCI-supported cancer clinical trials that are now accepting patients with juvenile myelomonocytic leukemia. For more specific results, refine the search by using other search features, such as the location of the trial, the type of treatment, or the name of the drug. Talk with your doctor about clinical trials that may be right for you. General information about clinical trials is available from the NCI website.
							                
							                
							                    Atypical Chronic Myelogenous Leukemia
							                    Treatment of atypical chronic myelogenous leukemia (CML) may include chemotherapy.   Check the list of NCI-supported cancer clinical trials that are now accepting patients with atypical chronic myeloid leukemia, BCR-ABL1 negative. For more specific results, refine the search by using other search features, such as the location of the trial, the type of treatment, or the name of the drug. Talk with your doctor about clinical trials that may be right for you. General information about clinical trials is available from the NCI website.
							                
							                
							                    Myelodysplastic/ Myeloproliferative Neoplasm, Unclassifiable
							                    Because myelodysplastic /myeloproliferative neoplasm, unclassifiable (MDS/MPN-UC) is a rare disease, little is known about its treatment. Treatment may include the following:         -  Supportive care treatments to manage problems caused by the disease such as infection, bleeding, and anemia.     -  Targeted therapy (imatinib mesylate).        Check the list of NCI-supported cancer clinical trials that are now accepting patients with myelodysplastic/myeloproliferative neoplasm, unclassifiable. For more specific results, refine the search by using other search features, such as the location of the trial, the type of treatment, or the name of the drug. Talk with your doctor about clinical trials that may be right for you. General information about clinical trials is available from the NCI website.",CancerGov,Myelodysplastic/ Myeloproliferative Neoplasms
24,"Tests are used to screen for Wilms tumor.
                    Screening tests are done in children with an increased risk of Wilms tumor. These tests may help find cancer early and decrease the chance of dying from cancer.   In general, children with an increased risk of Wilms tumor should be screened for Wilms tumor every three months until they are at least 8 years old. An ultrasound test of the abdomen is usually used for screening. Small Wilms tumors may be found and removed before symptoms occur.    Children with Beckwith-Wiedemann syndrome or hemihyperplasia are also screened for liver and adrenal tumors that are linked to these genetic syndromes. A test to check the alpha-fetoprotein (AFP) level in the blood and an ultrasound of the abdomen are done until the child is 4 years old. An ultrasound of the kidneys is done after the child is 4 years old. In children with certain gene changes, a different schedule for ultrasound of the abdomen may be used.   Children with aniridia and a certain gene change are screened for Wilms tumor every three months until they are 8 years old. An ultrasound test of the abdomen is used for screening.   Some children develop Wilms tumor in both kidneys. These often appear when Wilms tumor is first diagnosed, but Wilms tumor may also occur in the second kidney after the child is successfully treated for Wilms tumor in one kidney. Children with an increased risk of a second Wilms tumor in the other kidney should be screened for Wilms tumor every three months for up to eight years. An ultrasound test of the abdomen may be used for screening.
                
                
                    Tests that examine the kidney and the blood are used to detect (find) and diagnose Wilms tumor and other childhood kidney tumors.
                    The following tests and procedures may be used:         -   Physical exam and history : An exam of the body to check general signs of health, including checking for signs of disease, such as lumps or anything else that seems unusual. A history of the patients health habits and past illnesses and treatments will also be taken.    -   Complete blood count (CBC): A procedure in which a sample of blood is drawn and checked for the following:               - The number of red blood cells, white blood cells, and platelets.      - The amount of hemoglobin (the protein that carries oxygen) in the red blood cells.      - The portion of the blood sample made up of red blood cells.             -   Blood chemistry studies : A procedure in which a blood sample is checked to measure the amounts of certain substances released into the blood by organs and tissues in the body. An unusual (higher or lower than normal) amount of a substance can be a sign of disease. This test is done to check how well the liver and kidneys are working.    -   Renal function test : A procedure in which blood or urine samples are checked to measure the amounts of certain substances released into the blood or urine by the kidneys. A higher or lower than normal amount of a substance can be a sign that the kidneys are not working as they should.    -   Urinalysis : A test to check the color of urine and its contents, such as sugar, protein, blood, and bacteria.    -  Ultrasound exam: A procedure in which high-energy sound waves (ultrasound) are bounced off internal tissues or organs and make echoes. The echoes form a picture of body tissues called a sonogram. An ultrasound of the abdomen is done to diagnose a kidney tumor.    -   CT scan (CAT scan): A procedure that makes a series of detailed pictures of areas inside the body, such as the chest, abdomen, and pelvis, taken from different angles. The pictures are made by a computer linked to an x-ray machine. A dye is injected into a vein or swallowed to help the organs or tissues show up more clearly. This procedure is also called computed tomography, computerized tomography, or computerized axial tomography.    -  MRI (magnetic resonance imaging) with gadolinium: A procedure that uses a magnet, radio waves, and a computer to make a series of detailed pictures of areas inside the body, such as the abdomen. A substance called gadolinium is injected into a vein. The gadolinium collects around the cancer cells so they show up brighter in the picture. This procedure is also called nuclear magnetic resonance imaging (NMRI).     -  X-ray: An x-ray is a type of energy beam that can go through the body and onto film, making a picture of areas inside the body, such as the chest and abdomen.    -   PET-CT scan : A procedure that combines the pictures from a positron emission tomography (PET) scan and a computed tomography (CT) scan. The PET and CT scans are done at the same time on the same machine. The pictures from both scans are combined to make a more detailed picture than either test would make by itself. A PET scan is a procedure to find malignant tumor cells in the body. A small amount of radioactive glucose (sugar) is injected into a vein. The PET scanner rotates around the body and makes a picture of where glucose is being used in the body. Malignant tumor cells show up brighter in the picture because they are more active and take up more glucose than normal cells do.    -   Biopsy : The removal of cells or tissues so they can be viewed under a microscope by a pathologist to check for signs of cancer. The decision of whether to do a biopsy is based on the following:                - The size of the tumor.      - The stage of the cancer.      - Whether cancer is in one or both kidneys.      - Whether imaging tests clearly show the cancer.      - Whether the tumor can be removed by surgery.      - Whether the patient is in a clinical trial.         A biopsy may be done before any treatment is given, after chemotherapy to shrink the tumor, or after surgery to remove the tumor.",CancerGov,Wilms Tumor and Other Childhood Kidney Tumors
25,Certain factors affect the prognosis (chance of recovery) and treatment options. The prognosis (chance of recovery) depends on the following:         - The size of the tumor.    -  Where the tumor is in the anus.    - Whether the cancer has spread to the lymph nodes.        The treatment options depend on the following:         - The stage of the cancer.    -  Where the tumor is in the anus.    - Whether the patient has human immunodeficiency virus (HIV).    - Whether cancer remains after initial treatment or has recurred.,CancerGov,Anal Cancer
26,"Key Points
                    - Intraocular melanoma is a disease in which malignant (cancer) cells form in the tissues of the eye.    - Being older and having fair skin may increase the risk of intraocular melanoma.    - Signs of intraocular melanoma include blurred vision or a dark spot on the iris.     - Tests that examine the eye are used to help detect (find) and diagnose intraocular melanoma.    - A biopsy of the tumor is rarely needed to diagnose intraocular melanoma.    - Certain factors affect prognosis (chance of recovery) and treatment options.
                
                
                    Intraocular melanoma is a disease in which malignant (cancer) cells form in the tissues of the eye.
                    Intraocular melanoma begins in the middle of three layers of the wall of the eye. The outer layer includes the white sclera (the ""white of the eye"") and the clear cornea at the front of the eye. The inner layer has a lining of nerve tissue, called the retina, which senses light and sends images along the optic nerve to the brain.   The middle layer, where intraocular melanoma forms, is called the uvea or uveal tract, and has three main parts:         -  Iris  The iris is the colored area at the front of the eye (the ""eye color""). It can be seen through the clear cornea. The pupil is in the center of the iris and it changes size to let more or less light into the eye. Intraocular melanoma of the iris is usually a small tumor that grows slowly and rarely spreads to other parts of the body.    -  Ciliary body  The ciliary body is a ring of tissue with muscle fibers that change the size of the pupil and the shape of the lens. It is found behind the iris. Changes in the shape of the lens help the eye focus. The ciliary body also makes the clear fluid that fills the space between the cornea and the iris. Intraocular melanoma of the ciliary body is often larger and more likely to spread to other parts of the body than intraocular melanoma of the iris.      -  Choroid  The choroid is a layer of blood vessels that bring oxygen and nutrients to the eye. Most intraocular melanomas begin in the choroid. Intraocular melanoma of the choroid is often larger and more likely to spread to other parts of the body than intraocular melanoma of the iris.          Intraocular melanoma is a rare cancer that forms from cells that make melanin in the iris, ciliary body, and choroid. It is the most common eye cancer in adults.",CancerGov,Intraocular (Uveal) Melanoma
27,"Key Points
                    - There are different types of treatment for patients with rectal cancer.    - Five types of standard treatment are used:         - Surgery     - Radiation therapy     - Chemotherapy     - Active surveillance     - Targeted therapy        - Other types of treatment are being tested in clinical trials.    - Patients may want to think about taking part in a clinical trial.    - Patients can enter clinical trials before, during, or after starting their cancer treatment.    - Follow-up tests may be needed.
                
                
                    There are different types of treatment for patients with rectal cancer.
                    Different types of treatment are available for patients with rectal cancer. Some treatments are standard (the currently used treatment), and some are being tested in clinical trials. A treatment clinical trial is a research study meant to help improve current treatments or obtain information on new treatments for patients with cancer. When clinical trials show that a new treatment is better than the standard treatment, the new treatment may become the standard treatment. Patients may want to think about taking part in a clinical trial. Some clinical trials are open only to patients who have not started treatment.
                
                
                    Five types of standard treatment are used:
                    Surgery     Surgery is the most common treatment for all stages of rectal cancer. The cancer is removed using one of the following types of surgery:            -  Polypectomy: If the cancer is found in a polyp (a small piece of bulging tissue), the polyp is often removed during a colonoscopy.     -  Local excision: If the cancer is found on the inside surface of the rectum and has not spread into the wall of the rectum, the cancer and a small amount of surrounding healthy tissue is removed.     -  Resection: If the cancer has spread into the wall of the rectum, the section of the rectum with cancer and nearby healthy tissue is removed. Sometimes the tissue between the rectum and the abdominal wall is also removed. The lymph nodes near the rectum are removed and checked under a microscope for signs of cancer.      -  Radiofrequency ablation: The use of a special probe with tiny electrodes that kill cancer cells. Sometimes the probe is inserted directly through the skin and only local anesthesia is needed. In other cases, the probe is inserted through an incision in the abdomen. This is done in the hospital with general anesthesia.     -  Cryosurgery: A treatment that uses an instrument to freeze and destroy abnormal tissue. This type of treatment is also called cryotherapy.     -  Pelvic exenteration: If the cancer has spread to other organs near the rectum, the lower colon, rectum, and bladder are removed. In women, the cervix, vagina, ovaries, and nearby lymph nodes may be removed. In men, the prostate may be removed. Artificial openings (stoma) are made for urine and stool to flow from the body to a collection bag.           After the cancer is removed, the surgeon will either:            - do an anastomosis (sew the healthy parts of the rectum together, sew the remaining rectum to the colon, or sew the colon to the anus); or     - make a stoma (an opening) from the rectum to the outside of the body for waste to pass through. This procedure is done if the cancer is too close to the anus and is called a colostomy. A bag is placed around the stoma to collect the waste. Sometimes the colostomy is needed only until the rectum has healed, and then it can be reversed. If the entire rectum is removed, however, the colostomy may be permanent.            Radiation therapy and/or chemotherapy may be given before surgery to shrink the tumor, make it easier to remove the cancer, and help with bowel control after surgery. Treatment given before surgery is called neoadjuvant therapy. Even if all the cancer that can be seen at the time of the operation is removed, some patients may be given radiation therapy and/or chemotherapy after surgery to kill any cancer cells that are left. Treatment given after the surgery, to lower the risk that the cancer will come back, is called adjuvant therapy.       Radiation therapy    Radiation therapy is a cancer treatment that uses high-energy x-rays or other types of radiation to kill cancer cells or keep them from growing. There are two types of radiation therapy:            -  External radiation therapy uses a machine outside the body to send radiation toward the cancer.     -  Internal radiation therapy uses a radioactive substance sealed in needles, seeds, wires, or catheters that are placed directly into or near the cancer.           The way the radiation therapy is given depends on the type and stage of the cancer being treated. External radiation therapy is used to treat rectal cancer.     Short-course preoperative radiation therapy is used in some types of rectal cancer. This treatment uses fewer and lower doses of radiation than standard treatment, followed by surgery several days after the last dose.       Chemotherapy    Chemotherapy is a cancer treatment that uses drugs to stop the growth of cancer cells, either by killing the cells or by stopping the cells from dividing. When chemotherapy is taken by mouth or injected into a vein or muscle, the drugs enter the bloodstream and can reach cancer cells throughout the body (systemic chemotherapy). When chemotherapy is placed directly in the cerebrospinal fluid, an organ, or a body cavity such as the abdomen, the drugs mainly affect cancer cells in those areas (regional chemotherapy).      Chemoembolization of the hepatic artery is a type of regional chemotherapy that may be used to treat cancer that has spread to the liver. This is done by blocking the hepatic artery (the main artery that supplies blood to the liver) and injecting anticancer drugs between the blockage and the liver. The livers arteries then carry the drugs into the liver. Only a small amount of the drug reaches other parts of the body. The blockage may be temporary or permanent, depending on what is used to block the artery. The liver continues to receive some blood from the hepatic portal vein, which carries blood from the stomach and intestine.    The way the chemotherapy is given depends on the type and stage of the cancer being treated.    See Drugs Approved for Rectal Cancer for more information.       Active surveillance     Active surveillance is closely following a patient's condition without giving any treatment unless there are changes in test results. It is used to find early signs that the condition is getting worse. In active surveillance, patients are given certain exams and tests to check if the cancer is growing. When the cancer begins to grow, treatment is given to cure the cancer. Tests include the following:            -  Digital rectal exam.     -  MRI.     -  Endoscopy.     -  Sigmoidoscopy.     -  CT scan.     -  Carcinoembryonic antigen (CEA) assay.              Targeted therapy     Targeted therapy is a type of treatment that uses drugs or other substances to identify and attack specific cancer cells without harming normal cells.    Types of targeted therapies used in the treatment of rectal cancer include the following:            -  Monoclonal antibodies: Monoclonal antibody therapy is a type of targeted therapy being used for the treatment of rectal cancer. Monoclonal antibody therapy uses antibodies made in the laboratory from a single type of immune system cell. These antibodies can identify substances on cancer cells or normal substances that may help cancer cells grow. The antibodies attach to the substances and kill the cancer cells, block their growth, or keep them from spreading. Monoclonal antibodies are given by infusion. They may be used alone or to carry drugs, toxins, or radioactive material directly to cancer cells.                   -  Bevacizumab and ramucirumab are types of monoclonal antibodies that bind to a protein called vascular endothelial growth factor (VEGF). This may prevent the growth of new blood vessels that tumors need to grow.        -  Cetuximab and panitumumab are types of monoclonal antibodies that bind to a protein called epidermal growth factor receptor (EGFR) on the surface of some types of cancer cells. This may stop cancer cells from growing and dividing.                -  Angiogenesis inhibitors: Angiogenesis inhibitors stop the growth of new blood vessels that tumors need to grow.                   -  Ziv-aflibercept is a vascular endothelial growth factor trap that blocks an enzyme needed for the growth of new blood vessels in tumors.       -  Regorafenib is used to treat colorectal cancer that has spread to other parts of the body and has not gotten better with other treatment. It blocks the action of certain proteins, including vascular endothelial growth factor. This may help keep cancer cells from growing and may kill them. It may also prevent the growth of new blood vessels that tumors need to grow.                      See Drugs Approved for Rectal Cancer for more information.
                
                
                    Other types of treatment are being tested in clinical trials.
                    Information about clinical trials is available from the NCI website.
                
                
                    Patients may want to think about taking part in a clinical trial.
                    For some patients, taking part in a clinical trial may be the best treatment choice. Clinical trials are part of the cancer research process. Clinical trials are done to find out if new cancer treatments are safe and effective or better than the standard treatment.   Many of today's standard treatments for cancer are based on earlier clinical trials. Patients who take part in a clinical trial may receive the standard treatment or be among the first to receive a new treatment.   Patients who take part in clinical trials also help improve the way cancer will be treated in the future. Even when clinical trials do not lead to effective new treatments, they often answer important questions and help move research forward.
                
                
                    Patients can enter clinical trials before, during, or after starting their cancer treatment.
                    Some clinical trials only include patients who have not yet received treatment. Other trials test treatments for patients whose cancer has not gotten better. There are also clinical trials that test new ways to stop cancer from recurring (coming back) or reduce the side effects of cancer treatment.   Clinical trials are taking place in many parts of the country. See the Treatment Options section that follows for links to current treatment clinical trials. These have been retrieved from NCI's listing of clinical trials.
                
                
                    Follow-up tests may be needed.
                    Some of the tests that were done to diagnose the cancer or to find out the stage of the cancer may be repeated. Some tests will be repeated in order to see how well the treatment is working. Decisions about whether to continue, change, or stop treatment may be based on the results of these tests.   Some of the tests will continue to be done from time to time after treatment has ended. The results of these tests can show if your condition has changed or if the cancer has recurred (come back). These tests are sometimes called follow-up tests or check-ups.   After treatment for rectal cancer, a blood test to measure amounts of carcinoembryonic antigen (a substance in the blood that may be increased when cancer is present) may be done to see if the cancer has come back.
                
        		
            		Treatment Options by Stage
            		
                		
                    		Stage 0 (Carcinoma in Situ)
                    		Treatment of stage 0 may include the following:          - Simple polypectomy.    -  Local excision.     -  Resection (when the tumor is too large to remove by local excision).         Check the list of NCI-supported cancer clinical trials that are now accepting patients with stage 0 rectal cancer. For more specific results, refine the search by using other search features, such as the location of the trial, the type of treatment, or the name of the drug. Talk with your doctor about clinical trials that may be right for you. General information about clinical trials is available from the NCI website.
                		
                		
                    		Stage I Rectal Cancer
                    		Treatment of stage I rectal cancer may include the following:         -  Local excision.    -  Resection.    -  Resection with radiation therapy and chemotherapy after surgery.        Check the list of NCI-supported cancer clinical trials that are now accepting patients with stage I rectal cancer. For more specific results, refine the search by using other search features, such as the location of the trial, the type of treatment, or the name of the drug. Talk with your doctor about clinical trials that may be right for you. General information about clinical trials is available from the NCI website.
                		
                		
                    		Stages II and III Rectal Cancer
                    		Treatment of stage II and stage III rectal cancer may include the following:         -  Surgery.    -  Chemotherapy combined with radiation therapy, followed by surgery.    - Short-course radiation therapy followed by surgery and chemotherapy.    -  Resection followed by chemotherapy combined with radiation therapy.    - Chemotherapy combined with radiation therapy, followed by active surveillance. Surgery may be done if the cancer recurs (comes back).    - A clinical trial of a new treatment.         Check the list of NCI-supported cancer clinical trials that are now accepting patients with stage II rectal cancer. For more specific results, refine the search by using other search features, such as the location of the trial, the type of treatment, or the name of the drug. Talk with your doctor about clinical trials that may be right for you. General information about clinical trials is available from the NCI website.
                		
                		
                    		Stage IV and Recurrent Rectal Cancer
                    		Treatment of stage IV and recurrent rectal cancer may include the following:         -  Surgery with or without chemotherapy or radiation therapy.    -  Systemic chemotherapy with or without targeted therapy (a monoclonal antibody or angiogenesis inhibitor).    - Chemotherapy to control the growth of the tumor.    - Radiation therapy, chemotherapy, or a combination of both, as palliative therapy to relieve symptoms and improve the quality of life.    - Placement of a stent to help keep the rectum open if it is partly blocked by the tumor, as palliative therapy to relieve symptoms and improve the quality of life.    - A clinical trial of a new anticancer drug.        Treatment of rectal cancer that has spread to other organs depends on where the cancer has spread.         - Treatment for areas of cancer that have spread to the liver includes the following:               - Surgery to remove the tumor. Chemotherapy may be given before surgery, to shrink the tumor.      -  Cryosurgery or radiofrequency ablation.      -  Chemoembolization and/or systemic chemotherapy.      - A clinical trial of chemoembolization combined with radiation therapy to the tumors in the liver.                  Check the list of NCI-supported cancer clinical trials that are now accepting patients with stage IV rectal cancer and recurrent rectal cancer. For more specific results, refine the search by using other search features, such as the location of the trial, the type of treatment, or the name of the drug. Talk with your doctor about clinical trials that may be right for you. General information about clinical trials is available from the NCI website.",CancerGov,Rectal Cancer
28,"Key Points
                    - Myelodysplastic syndromes are a group of cancers in which immature blood cells in the bone marrow do not mature or become healthy blood cells.     - The different types of myelodysplastic syndromes are diagnosed based on certain changes in the blood cells and bone marrow.    - Age and past treatment with chemotherapy or radiation therapy affect the risk of a myelodysplastic syndrome.     - Signs and symptoms of a myelodysplastic syndrome include shortness of breath and feeling tired.    - Tests that examine the blood and bone marrow are used to detect (find) and diagnose myelodysplastic syndromes.    - Certain factors affect prognosis and treatment options.
                
                
                    Myelodysplastic syndromes are a group of cancers in which immature blood cells in the bone marrow do not mature or become healthy blood cells.
                    In a healthy person, the bone marrow makes blood stem cells (immature cells) that become mature blood cells over time.     A blood stem cell may become a lymphoid stem cell or a myeloid stem cell. A lymphoid stem cell becomes a white blood cell. A myeloid stem cell becomes one of three types of mature blood cells:         -  Red blood cells that carry oxygen and other substances to all tissues of the body.    -  Platelets that form blood clots to stop bleeding.     - White blood cells that fight infection and disease.          In a patient with a myelodysplastic syndrome, the blood stem cells (immature cells) do not become mature red blood cells, white blood cells, or platelets in the bone marrow. These immature blood cells, called blasts, do not work the way they should and either die in the bone marrow or soon after they go into the blood. This leaves less room for healthy white blood cells, red blood cells, and platelets to form in the bone marrow. When there are fewer healthy blood cells, infection, anemia, or easy bleeding may occur.
                
                
                    The different types of myelodysplastic syndromes are diagnosed based on certain changes in the blood cells and bone marrow.
                    -  Refractory anemia: There are too few red blood cells in the blood and the patient has anemia. The number of white blood cells and platelets is normal.    -  Refractory anemia with ring sideroblasts: There are too few red blood cells in the blood and the patient has anemia. The red blood cells have too much iron inside the cell. The number of white blood cells and platelets is normal.    -  Refractory anemia with excess blasts: There are too few red blood cells in the blood and the patient has anemia. Five percent to 19% of the cells in the bone marrow are blasts. There also may be changes to the white blood cells and platelets. Refractory anemia with excess blasts may progress to acute myeloid leukemia (AML). See the PDQ Adult Acute Myeloid Leukemia Treatment summary for more information.    -  Refractory cytopenia with multilineage dysplasia: There are too few of at least two types of blood cells (red blood cells, platelets, or white blood cells). Less than 5% of the cells in the bone marrow are blasts and less than 1% of the cells in the blood are blasts. If red blood cells are affected, they may have extra iron. Refractory cytopenia may progress to acute myeloid leukemia (AML).     -  Refractory cytopenia with unilineage dysplasia: There are too few of one type of blood cell (red blood cells, platelets, or white blood cells). There are changes in 10% or more of two other types of blood cells. Less than 5% of the cells in the bone marrow are blasts and less than 1% of the cells in the blood are blasts.     -  Unclassifiable myelodysplastic syndrome: The numbers of blasts in the bone marrow and blood are normal, and the disease is not one of the other myelodysplastic syndromes.     -  Myelodysplastic syndrome associated with an isolated del(5q) chromosome abnormality: There are too few red blood cells in the blood and the patient has anemia. Less than 5% of the cells in the bone marrow and blood are blasts. There is a specific change in the chromosome.    -   Chronic myelomonocytic leukemia (CMML): See the PDQ summary on Myelodysplastic/ Myeloproliferative Neoplasms Treatment for more information.",CancerGov,Myelodysplastic Syndromes
29,"Key Points
                    - There are different types of treatment for patients with childhood astrocytoma.    - Children with astrocytomas should have their treatment planned by a team of health care providers who are experts in treating childhood brain tumors.     - Childhood brain tumors may cause signs or symptoms that begin before the cancer is diagnosed and continue for months or years.     - Some cancer treatments cause side effects months or years after treatment has ended.     - Six types of treatment are used:         - Surgery     - Observation     - Radiation therapy     - Chemotherapy     - High-dose chemotherapy with stem cell transplant     - Targeted therapy        -  New types of treatment are being tested in clinical trials.          - Other drug therapy        - If fluid builds up around the brain and spinal cord, a cerebrospinal fluid diversion procedure may be done.    - Patients may want to think about taking part in a clinical trial.    - Patients can enter clinical trials before, during, or after starting their cancer treatment.    - Follow-up tests may be needed.
                
                
                    There are different types of treatment for patients with childhood astrocytoma.
                    Different types of treatment are available for children with astrocytomas. Some treatments are standard (the currently used treatment), and some are being tested in clinical trials. A treatment clinical trial is a research study meant to help improve current treatments or obtain information on new treatments for patients with cancer. When clinical trials show that a new treatment is better than the standard treatment, the new treatment may become the standard treatment.    Because cancer in children is rare, taking part in a clinical trial should be considered. Some clinical trials are open only to patients who have not started treatment.
                
                
                    Children with astrocytomas should have their treatment planned by a team of health care providers who are experts in treating childhood brain tumors.
                    Treatment will be overseen by a pediatric oncologist, a doctor who specializes in treating children with cancer. The pediatric oncologist works with other healthcare providers who are experts in treating children with brain tumors and who specialize in certain areas of medicine. These may include the following specialists:         -  Pediatrician.    -  Pediatric neurosurgeon.     -  Neurologist.    -  Neuropathologist.     -  Neuroradiologist.     -  Rehabilitation specialist.     -  Radiation oncologist.     -  Endocrinologist.     -  Psychologist.
                
                
                    Childhood brain tumors may cause signs or symptoms that begin before the cancer is diagnosed and continue for months or years.
                    Signs or symptoms caused by the tumor may begin before diagnosis. These signs or symptoms may continue for months or years. It is important to talk with your child's doctors about signs or symptoms caused by the tumor that may continue after treatment.
                
                
                    Some cancer treatments cause side effects months or years after treatment has ended.
                    Side effects from cancer treatment that begin during or after treatment and continue for months or years are called late effects. Late effects of cancer treatment may include the following:         - Physical problems.     - Changes in mood, feelings, thinking, learning, or memory.     -  Second cancers (new types of cancer).         Some late effects may be treated or controlled. It is important to talk with your child's doctors about the effects cancer treatment can have on your child. (See the PDQ summary on Late Effects of Treatment for Childhood Cancer for more information.)
                
                
                    Six types of treatment are used:
                    Surgery     Surgery is used to diagnose and treat childhood astrocytoma, as discussed in the General Information section of this summary. If cancer cells remain after surgery, further treatment depends on:             - Where the remaining cancer cells are.     - The grade of the tumor.     - The age of the child.           Even if the doctor removes all the cancer that can be seen at the time of the surgery, some patients may be given chemotherapy or radiation therapy after surgery to kill any cancer cells that remain. Treatment given after the surgery, to lower the risk that the cancer will come back, is called adjuvant therapy.       Observation     Observation is closely monitoring a patients condition without giving any treatment until signs or symptoms appear or change. Observation may be used:            - If the patient has no symptoms, such as patients with neurofibromatosis type1.     - If the tumor is small and is found when a different health problem is being diagnosed or treated.     - After the tumor is removed by surgery until signs or symptoms appear or change.              Radiation therapy     Radiation therapy is a cancer treatment that uses high-energy x-rays or other types of radiation to kill cancer cells or keep them from growing. There are two types of radiation therapy:            -  External radiation therapy uses a machine outside the body to send radiation toward the cancer. Certain ways of giving radiation therapy can help keep radiation from damaging nearby healthy tissue. These types of radiation therapy include the following:                  -  Conformal radiation therapy: Conformal radiation therapy is a type of external radiation therapy that uses a computer to make a 3-dimensional (3-D) picture of the tumor and shapes the radiation beams to fit the tumor.       -  Intensity-modulated radiation therapy (IMRT): IMRT is a type of 3-dimensional (3-D) external radiation therapy that uses a computer to make pictures of the size and shape of the tumor. Thin beams of radiation of different intensities (strengths) are aimed at the tumor from many angles.       -  Stereotactic radiation therapy: Stereotactic radiation therapy is a type of external radiation therapy. A rigid head frame is attached to the skull to keep the head still during the radiation treatment. A machine aims radiation directly at the tumor. The total dose of radiation is divided into several smaller doses given over several days. This procedure is also called stereotactic external-beam radiation therapy and stereotaxic radiation therapy.       -  Proton beam radiation therapy: Proton-beam therapy is a type of high-energy, external radiation therapy. A radiation therapy machine aims streams of protons (tiny, invisible, positively-charged particles) at the cancer cells to kill them.                -  Internal radiation therapy uses a radioactive substance sealed in needles, seeds, wires, or catheters that are placed directly into or near the cancer.           The way the radiation therapy is given depends on the type of tumor and where the tumor formed in the brain or spinal cord. External radiation therapy is used to treat childhood astrocytomas.     Radiation therapy to the brain can affect growth and development, especially in young children. For children younger than 3 years, chemotherapy may be given instead, to delay or reduce the need for radiation therapy.       Chemotherapy     Chemotherapy is a cancer treatment that uses drugs to stop the growth of cancer cells, either by killing the cells or by stopping them from dividing. When chemotherapy is taken by mouth or injected into a vein or muscle, the drugs enter the bloodstream and can reach cancer cells throughout the body (systemic chemotherapy). When chemotherapy is placed directly into the cerebrospinal fluid, an organ, or a body cavity such as the abdomen, the drugs mainly affect cancer cells in those areas (regional chemotherapy). Combination chemotherapy is the use of more than one anticancer drug.     The way the chemotherapy is given depends on the type of tumor and where the tumor formed in the brain or spinal cord. Systemic combination chemotherapy is used in the treatment of children with astrocytoma. High-dose chemotherapy may be used in the treatment of children with newly diagnosed high-grade astrocytoma.       High-dose chemotherapy with stem cell transplant     High-dose chemotherapy with stem cell transplant is a way of giving high doses of chemotherapy and replacing blood -forming cells destroyed by the cancer treatment. Stem cells (immature blood cells) are removed from the blood or bone marrow of the patient or a donor and are frozen and stored. After the chemotherapy is completed, the stored stem cells are thawed and given back to the patient through an infusion. These reinfused stem cells grow into (and restore) the body's blood cells.    For high-grade astrocytoma that has come back after treatment, high-dose chemotherapy with stem cell transplant is used if there is only a small amount of tumor.       Targeted therapy     Targeted therapy is a type of treatment that uses drugs or other substances to identify and attack specific cancer cells without harming normal cells.    There are different types of targeted therapy:            -  Monoclonal antibody therapy uses antibodies made in the laboratory, from a single type of immune system cell, to stop cancer cells. These antibodies can identify substances on cancer cells or normal substances that may help cancer cells grow. The antibodies attach to the substances and kill the cancer cells, block their growth, or keep them from spreading. Monoclonal antibodies are given by infusion into a vein. They may be used alone or to carry drugs, toxins, or radioactive material directly to cancer cells. There are different types of monoclonal antibody therapy:                  -  Vascular endothelial growth factor (VEGF) inhibitor therapy: Cancer cells make a substance called VEGF, which causes new blood vessels to form (angiogenesis) and helps the cancer grow. VEGF inhibitors block VEGF and stop new blood vessels from forming. This may kill cancer cells because they need new blood vessels to grow. Bevacizumab is a VEGF inhibitor and angiogenesis inhibitor being used to treat childhood astrocytoma.       -  Immune checkpoint inhibitor therapy: PD-1 is a protein on the surface of T cells that helps keep the bodys immune responses in check. When PD-1 attaches to another protein called PDL-1 on a cancer cell, it stops the T cell from killing the cancer cell. PD-1 inhibitors attach to PDL-1 and allow the T cells to kill cancer cells. PD-1 inhibitors are being studied to treat high-grade astrocytoma that has recurred.                -  Protein kinase inhibitors work in different ways. There are several kinds of protein kinase inhibitors.                  -  mTOR inhibitors stop cells from dividing and may prevent the growth of new blood vessels that tumors need to grow. Everolimus and sirolimus are mTOR inhibitors used to treat childhood subependymal giant cell astrocytomas. mTOR inhibitors also are being studied to treat low-grade astrocytoma that has recurred.       -  BRAF inhibitors block proteins needed for cell growth and may kill cancer cells. The BRAF inhibitor dabrafenib is being studied to treat low-grade astrocytoma that has recurred. Vemurafenib and dabrafenib have been used to treat high-grade astrocytomas that have recurred but more study is needed to know how well they work in children.       - MEK inhibitors block proteins needed for cell growth and may kill cancer cells. MEK inhibitors such as selumetinib are being studied to treat low-grade astrocytoma that has recurred.                       See Drugs Approved for Brain Tumors for more information.
                
                
                    New types of treatment are being tested in clinical trials.
                    This summary section describes treatments that are being studied in clinical trials. It may not mention every new treatment being studied. Information about clinical trials is available from the NCI website.     Other drug therapy     Lenalidomide is a type of angiogenesis inhibitor. It prevents the growth of new blood vessels that are needed by a tumor to grow.
                
                
                    If fluid builds up around the brain and spinal cord, a cerebrospinal fluid diversion procedure may be done.
                    Cerebrospinal fluid diversion is a method used to drain fluid that has built up around the brain and spinal cord. A shunt (long, thin tube) is placed in a ventricle (fluid-filled space) of the brain and threaded under the skin to another part of the body, usually the abdomen. The shunt carries extra fluid away from the brain so it may be absorbed elsewhere in the body.
                
                
                    Patients may want to think about taking part in a clinical trial.
                    For some patients, taking part in a clinical trial may be the best treatment choice. Clinical trials are part of the cancer research process. Clinical trials are done to find out if new cancer treatments are safe and effective or better than the standard treatment.   Many of today's standard treatments for cancer are based on earlier clinical trials. Patients who take part in a clinical trial may receive the standard treatment or be among the first to receive a new treatment.   Patients who take part in clinical trials also help improve the way cancer will be treated in the future. Even when clinical trials do not lead to effective new treatments, they often answer important questions and help move research forward.
                
                
                    Patients can enter clinical trials before, during, or after starting their cancer treatment.
                    Some clinical trials only include patients who have not yet received treatment. Other trials test treatments for patients whose cancer has not gotten better. There are also clinical trials that test new ways to stop cancer from recurring (coming back) or reduce the side effects of cancer treatment.   Clinical trials are taking place in many parts of the country. See the Treatment Options section that follows for links to current treatment clinical trials. These have been retrieved from NCI's listing of clinical trials.
                
                
                    Follow-up tests may be needed.
                    Some of the tests that were done to diagnose the cancer or to find out the stage of the cancer may be repeated. (See the General Information section for a list of tests.) Some tests will be repeated in order to see how well the treatment is working. Decisions about whether to continue, change, or stop treatment may be based on the results of these tests.   Regular MRIs will continue to be done after treatment has ended. The results of the MRI can show if your child's condition has changed or if the astrocytoma has recurred (come back). If the results of the MRI show a mass in the brain, a biopsy may be done to find out if it is made up of dead tumor cells or if new cancer cells are growing.
                
                 
							            Treatment Options for Childhood Astrocytomas
							            
							                
							                    Newly Diagnosed Childhood Low-Grade Astrocytomas
							                    When the tumor is first diagnosed, treatment for childhood low-grade astrocytoma depends on where the tumor is, and is usually surgery. An MRI is done after surgery to see if there is tumor remaining.    If the tumor was completely removed by surgery, more treatment may not be needed and the child is closely watched to see if signs or symptoms appear or change. This is called observation.    If there is tumor remaining after surgery, treatment may include the following:         - Observation.    - A second surgery to remove the tumor.    -  Radiation therapy, which may include conformal radiation therapy, intensity-modulated radiation therapy, proton beam radiation therapy, or stereotactic radiation therapy, when the tumor begins to grow again.    -  Combination chemotherapy with or without radiation therapy.        In some cases, observation is used for children who have a visual pathway glioma. In other cases, treatment may include surgery to remove the tumor, radiation therapy, or chemotherapy. A goal of treatment is to save as much vision as possible. The effect of tumor growth on the child's vision will be closely followed during treatment.    Children with neurofibromatosis type 1 (NF1) may not need treatment unless the tumor grows or signs or symptoms, such as vision problems, appear. When the tumor grows or signs or symptoms appear, treatment may include surgery to remove the tumor, radiation therapy, and/or chemotherapy.   Children with tuberous sclerosis may develop benign (not cancer) tumors in the brain called subependymal giant cell astrocytomas (SEGAs). Targeted therapy with everolimus or sirolimus may be used instead of surgery, to shrink the tumors.   Check the list of NCI-supported cancer clinical trials that are now accepting patients with childhood low-grade untreated astrocytoma or other tumor of glial origin. For more specific results, refine the search by using other search features, such as the location of the trial, the type of treatment, or the name of the drug. Talk with your child's doctor about clinical trials that may be right for your child. General information about clinical trials is available from the NCI website.
							                
							                
							                    Recurrent Childhood Low-Grade Astrocytomas
							                    When low-grade astrocytoma recurs after treatment, it usually comes back where the tumor first formed. Before more cancer treatment is given, imaging tests, biopsy, or surgery are done to find out if there is cancer and how much there is.   Treatment of recurrent childhood low-grade astrocytoma may include the following:         - A second surgery to remove the tumor, if surgery was the only treatment given when the tumor was first diagnosed.    -  Radiation therapy to the tumor only, if radiation therapy was not used when the tumor was first diagnosed. Conformal radiation therapy may be given.    -  Chemotherapy, if the tumor recurred where it cannot be removed by surgery or the patient had radiation therapy when the tumor was first diagnosed.    -  Targeted therapy with a monoclonal antibody (bevacizumab) with or without chemotherapy.    - A clinical trial of targeted therapy with a BRAF inhibitor (dabrafenib), an mTOR inhibitor (everolimus), or a MEK inhibitor (selumetinib).    - A clinical trial of lenalidomide.        Check the list of NCI-supported cancer clinical trials that are now accepting patients with recurrent childhood astrocytoma or other tumor of glial origin. For more specific results, refine the search by using other search features, such as the location of the trial, the type of treatment, or the name of the drug. Talk with your child's doctor about clinical trials that may be right for your child. General information about clinical trials is available from the NCI website.
							                
							                
							                    Newly Diagnosed Childhood High-Grade Astrocytomas
							                    Treatment of childhood high-grade astrocytoma may include the following:         -  Surgery to remove the tumor, followed by chemotherapy and/or radiation therapy.    - A clinical trial of a new treatment.        Check the list of NCI-supported cancer clinical trials that are now accepting patients with childhood high-grade untreated astrocytoma or other tumor of glial origin. For more specific results, refine the search by using other search features, such as the location of the trial, the type of treatment, or the name of the drug. Talk with your child's doctor about clinical trials that may be right for your child. General information about clinical trials is available from the NCI website.
							                
							                
							                    Recurrent Childhood High-Grade Astrocytomas
							                    When high-grade astrocytoma recurs after treatment, it usually comes back where the tumor first formed. Before more cancer treatment is given, imaging tests, biopsy, or surgery are done to find out if there is cancer and how much there is.    Treatment of recurrent childhood high-grade astrocytoma may include the following:         - Surgery to remove the tumor.    -  High-dose chemotherapy with stem cell transplant.    -  Targeted therapy with a BRAF inhibitor (vemurafenib or dabrafenib).    - A clinical trial of targeted therapy with an immune checkpoint inhibitor.    - A clinical trial of a new treatment.        Check the list of NCI-supported cancer clinical trials that are now accepting patients with recurrent childhood astrocytoma or other tumor of glial origin. For more specific results, refine the search by using other search features, such as the location of the trial, the type of treatment, or the name of the drug. Talk with your child's doctor about clinical trials that may be right for your child. General information about clinical trials is available from the NCI website.",CancerGov,Childhood Astrocytomas
30,"The risk factors for childhood AML, childhood CML, JMML, and MDS are similar. Anything that increases your risk of getting a disease is called a risk factor. Having a risk factor does not mean that you will get cancer; not having risk factors doesnt mean that you will not get cancer. Talk with your childs doctor if you think your child may be at risk. These and other factors may increase the risk of childhood AML, childhood CML, JMML, and MDS:         - Having a brother or sister, especially a twin, with leukemia.    - Being Hispanic.    - Being exposed to cigarette smoke or alcohol before birth.     - Having a personal history of aplastic anemia.    - Having a personal or family history of MDS.    - Having a family history of AML.    - Past treatment with chemotherapy or radiation therapy.    - Being exposed to ionizing radiation or chemicals such as benzene.    - Having certain genetic disorders, such as:               - Down syndrome.      -  Fanconi anemia.      -  Neurofibromatosis type 1.      -  Noonan syndrome.      -  Shwachman-Diamond syndrome.",CancerGov,Childhood Acute Myeloid Leukemia and Other Myeloid Malignancies
31,"Key Points
                    - Non-small cell lung cancer is a disease in which malignant (cancer) cells form in the tissues of the lung.     - There are several types of non-small cell lung cancer.    - Smoking is the major risk factor for non-small cell lung cancer.    - Signs of non-small cell lung cancer include a cough that doesn't go away and shortness of breath.    - Tests that examine the lungs are used to detect (find), diagnose, and stage non-small cell lung cancer.    - Certain factors affect prognosis (chance of recovery) and treatment options.    - For most patients with non-small cell lung cancer, current treatments do not cure the cancer.
                
                
                    Non-small cell lung cancer is a disease in which malignant (cancer) cells form in the tissues of the lung.
                    The lungs are a pair of cone-shaped breathing organs in the chest. The lungs bring oxygen into the body as you breathe in. They release carbon dioxide, a waste product of the bodys cells, as you breathe out. Each lung has sections called lobes. The left lung has two lobes. The right lung is slightly larger and has three lobes. Two tubes called bronchi lead from the trachea (windpipe) to the right and left lungs. The bronchi are sometimes also involved in lung cancer. Tiny air sacs called alveoli and small tubes called bronchioles make up the inside of the lungs.     A thin membrane called the pleura covers the outside of each lung and lines the inside wall of the chest cavity. This creates a sac called the pleural cavity. The pleural cavity normally contains a small amount of fluid that helps the lungs move smoothly in the chest when you breathe.    There are two main types of lung cancer: non-small cell lung cancer and small cell lung cancer.    See the following PDQ summaries for more information about lung cancer:         -  Small Cell Lung Cancer Treatment     -  Unusual Cancers of Childhood Treatment     -  Lung Cancer Prevention     -  Lung Cancer Screening
                
                
                    There are several types of non-small cell lung cancer.
                    Each type of non-small cell lung cancer has different kinds of cancer cells. The cancer cells of each type grow and spread in different ways. The types of non-small cell lung cancer are named for the kinds of cells found in the cancer and how the cells look under a microscope:         -  Squamous cell carcinoma: Cancer that begins in squamous cells, which are thin, flat cells that look like fish scales. This is also called epidermoid carcinoma.    -  Large cell carcinoma: Cancer that may begin in several types of large cells.    -  Adenocarcinoma: Cancer that begins in the cells that line the alveoli and make substances such as mucus.         Other less common types of non-small cell lung cancer are: pleomorphic, carcinoid tumor, salivary gland carcinoma, and unclassified carcinoma.
                
                
                    For most patients with non-small cell lung cancer, current treatments do not cure the cancer.
                    If lung cancer is found, taking part in one of the many clinical trials being done to improve treatment should be considered. Clinical trials are taking place in most parts of the country for patients with all stages of non-small cell lung cancer. Information about ongoing clinical trials is available from the NCI website.",CancerGov,Non-Small Cell Lung Cancer
32,The cause of most childhood brain tumors is unknown.,CancerGov,Childhood Brain Stem Glioma
33,"Cancer prevention clinical trials are used to study ways to prevent cancer.
                    Cancer prevention clinical trials are used to study ways to lower the risk of developing certain types of cancer. Some cancer prevention trials are conducted with healthy people who have not had cancer but who have an increased risk for cancer. Other prevention trials are conducted with people who have had cancer and are trying to prevent another cancer of the same type or to lower their chance of developing a new type of cancer. Other trials are done with healthy volunteers who are not known to have any risk factors for cancer.   The purpose of some cancer prevention clinical trials is to find out whether actions people take can prevent cancer. These may include eating fruits and vegetables, exercising, quitting smoking, or taking certain medicines, vitamins, minerals, or food supplements.
                
                
                    New ways to prevent ovarian, fallopian tube, and primary peritoneal cancer are being studied in clinical trials.
                    Clinical trials are taking place in many parts of the country. Information about clinical trials can be found in the Clinical Trials section of the NCI website. Check NCI's list of cancer clinical trials for ovarian cancer prevention trials that are now accepting patients.",CancerGov,"Ovarian, Fallopian Tube, and Primary Peritoneal Cancer"
34,"Key Points
                    - There are different types of treatment for patients with plasma cell neoplasms.    - Eight types of treatment are used:         - Chemotherapy     - Other drug therapy     - Targeted therapy     - High-dose chemotherapy with stem cell transplant     - Biologic therapy     - Radiation therapy     - Surgery     - Watchful waiting        - New types of treatment are being tested in clinical trials.          - New combinations of therapies         - Supportive care is given to lessen the problems caused by the disease or its treatment.     - Patients may want to think about taking part in a clinical trial.    - Patients can enter clinical trials before, during, or after starting their cancer treatment.    - Follow-up tests may be needed.
                
                
                    There are different types of treatment for patients with plasma cell neoplasms.
                    Different types of treatments are available for patients with plasma cell neoplasms. Some treatments are standard (the currently used treatment), and some are being tested in clinical trials. A treatment clinical trial is a research study meant to help improve current treatments or obtain information on new treatments for patients with cancer. When clinical trials show that a new treatment is better than the standard treatment, the new treatment may become the standard treatment. Patients may want to think about taking part in a clinical trial. Some clinical trials are open only to patients who have not started treatment.
                
                
                    Eight types of treatment are used:
                    Chemotherapy     Chemotherapy is a cancer treatment that uses drugs to stop the growth of cancer cells, either by killing the cells or by stopping them from dividing. When chemotherapy is taken by mouth or injected into a vein or muscle, the drugs enter the bloodstream and can reach cancer cells throughout the body (systemic chemotherapy). When chemotherapy is placed directly into the cerebrospinal fluid, an organ, or a body cavity such as the abdomen, the drugs mainly affect cancer cells in those areas (regional chemotherapy). The way the chemotherapy is given depends on the type and stage of the cancer being treated.    See Drugs Approved for Multiple Myeloma and Other Plasma Cell Neoplasms for more information.       Other drug therapy     Corticosteroids are steroids that have antitumor effects in multiple myeloma.        Targeted therapy     Targeted therapy is a treatment that uses drugs or other substances to identify and attack specific cancer cells without harming normal cells. Several types of targeted therapy may be used to treat multiple myeloma and other plasma cell neoplasms.     Proteasome inhibitor therapy is a type of targeted therapy that blocks the action of proteasomes in cancer cells and may prevent the growth of tumors. Bortezomib, carfilzomib, ixazomib, daratumumab, and elotuzumab are proteasome inhibitors used in the treatment of multiple myeloma and other plasma cell neoplasms.     Histone deacetylase (HDAC) inhibitor therapy is a type of targeted therapy that blocks enzymes needed for cell division and may stop the growth of cancer cells. Panobinostat is an HDAC inhibitor used in the treatment of multiple myeloma and other plasma cell neoplasms.    See Drugs Approved for Multiple Myeloma and Other Plasma Cell Neoplasms for more information.       High-dose chemotherapy with stem cell transplant    This treatment is a way of giving high doses of chemotherapy and replacing blood -forming cells destroyed by the cancer treatment. Stem cells (immature blood cells) are removed from the blood or bone marrow of the patient (autologous transplant) or a donor (allogeneic transplant) and are frozen and stored. After the chemotherapy is completed, the stored stem cells are thawed and given back to the patient through an infusion. These reinfused stem cells grow into (and restore) the body's blood cells.           Biologic therapy     Biologic therapy is a treatment that uses the patient's immune system to fight cancer. Substances made by the body or made in a laboratory are used to boost, direct, or restore the body's natural defenses against cancer. This type of cancer treatment is also called biotherapy or immunotherapy.     Immunomodulators are a type of biologic therapy. Thalidomide, lenalidomide, and pomalidomide are immunomodulators used to treat multiple myeloma and other plasma cell neoplasms.     Interferon is a type of biologic therapy. It affects the division of cancer cells and can slow tumor growth.     See Drugs Approved for Multiple Myeloma and Other Plasma Cell Neoplasms for more information.       Radiation therapy     Radiation therapy is a cancer treatment that uses high-energy x-rays or other types of radiation to kill cancer cells or keep them from growing. There are two types of radiation therapy:            -  External radiation therapy uses a machine outside the body to send radiation toward the cancer.     -  Internal radiation therapy uses a radioactive substance sealed in needles, seeds, wires, or catheters that are placed directly into or near the cancer.           The way the radiation therapy is given depends on the type and stage of the cancer being treated. External radiation therapy is used to treat plasma cell neoplasms.       Surgery     Surgery to remove the tumor may be done and is usually followed by radiation therapy. Treatment given after the surgery, to lower the risk that the cancer will come back, is called adjuvant therapy.       Watchful waiting     Watchful waiting is closely monitoring a patients condition without giving any treatment until signs or symptoms appear or change.
                
                
                    New types of treatment are being tested in clinical trials.
                    This summary section describes treatments that are being studied in clinical trials. It may not mention every new treatment being studied. Information about clinical trials is available from the NCI website.     New combinations of therapies     Clinical trials are studying different combinations of biologic therapy, chemotherapy, steroid therapy, and drugs. New treatment regimens using thalidomide or lenalidomide are also being studied.
                
                
                    Supportive care is given to lessen the problems caused by the disease or its treatment.
                    This therapy controls problems or side effects caused by the disease or its treatment, and improves quality of life. Supportive care is given to treat problems caused by multiple myeloma and other plasma cell neoplasms.     Supportive care may include the following:          -  Plasmapheresis: If the blood becomes thick with extra antibody proteins and interferes with circulation, plasmapheresis is done to remove extra plasma and antibody proteins from the blood. In this procedure blood is removed from the patient and sent through a machine that separates the plasma (the liquid part of the blood) from the blood cells. The patient's plasma contains the unneeded antibodies and is not returned to the patient. The normal blood cells are returned to the bloodstream along with donated plasma or a plasma replacement. Plasmapheresis does not keep new antibodies from forming.     -  High-dose chemotherapy with stem cell transplant: If amyloidosis occurs, treatment may include high-dose chemotherapy followed by stem cell transplant using the patient's own stem cells.    -  Biologic therapy: Biologic therapy with thalidomide, lenalidomide, or pomalidomide is given to treat amyloidosis.    -  Targeted therapy: Targeted therapy with proteasome inhibitors is given to treat amyloidosis.    -  Radiation therapy: Radiation therapy is given for bone lesions of the spine.    -  Chemotherapy: Chemotherapy is given to reduce back pain from osteoporosis or compression fractures of the spine.    -  Bisphosphonate therapy: Bisphosphonate therapy is given to slow bone loss and reduce bone pain. See the following PDQ summaries for more information on bisphosphonates and problems related to their use:               - Cancer Pain      - Oral Complications of Chemotherapy and Head/Neck Radiation
                
                
                    Patients may want to think about taking part in a clinical trial.
                    For some patients, taking part in a clinical trial may be the best treatment choice. Clinical trials are part of the cancer research process. Clinical trials are done to find out if new cancer treatments are safe and effective or better than the standard treatment.   Many of today's standard treatments for cancer are based on earlier clinical trials. Patients who take part in a clinical trial may receive the standard treatment or be among the first to receive a new treatment.   Patients who take part in clinical trials also help improve the way cancer will be treated in the future. Even when clinical trials do not lead to effective new treatments, they often answer important questions and help move research forward.
                
                
                    Patients can enter clinical trials before, during, or after starting their cancer treatment.
                    Some clinical trials only include patients who have not yet received treatment. Other trials test treatments for patients whose cancer has not gotten better. There are also clinical trials that test new ways to stop cancer from recurring (coming back) or reduce the side effects of cancer treatment.   Clinical trials are taking place in many parts of the country. See the Treatment Options section that follows for links to current treatment clinical trials. These have been retrieved from NCI's listing of clinical trials.
                
                
                    Follow-up tests may be needed.
                    Some of the tests that were done to diagnose the cancer or to find out the stage of the cancer may be repeated. Some tests will be repeated in order to see how well the treatment is working. Decisions about whether to continue, change, or stop treatment may be based on the results of these tests.   Some of the tests will continue to be done from time to time after treatment has ended. The results of these tests can show if your condition has changed or if the cancer has recurred (come back). These tests are sometimes called follow-up tests or check-ups.
                
		        
		            Treatment Options for Plasma Cell Neoplasms
		            
		                
		                    Monoclonal Gammopathy of Undetermined Significance
		                    Treatment of monoclonal gammopathy of undetermined significance (MGUS) is usually watchful waiting. Regular blood tests to check the level of M protein in the blood and physical exams to check for signs or symptoms of cancer will be done.   Check the list of NCI-supported cancer clinical trials that are now accepting patients with monoclonal gammopathy of undetermined significance. For more specific results, refine the search by using other search features, such as the location of the trial, the type of treatment, or the name of the drug. Talk with your doctor about clinical trials that may be right for you. General information about clinical trials is available from the NCI website.
		                
		                
		                    Isolated Plasmacytoma of Bone
		                    Treatment of isolated plasmacytoma of bone is usually radiation therapy to the bone lesion.   Check the list of NCI-supported cancer clinical trials that are now accepting patients with isolated plasmacytoma of bone. For more specific results, refine the search by using other search features, such as the location of the trial, the type of treatment, or the name of the drug. Talk with your doctor about clinical trials that may be right for you. General information about clinical trials is available from the NCI website.
		                
		                
		                    Extramedullary Plasmacytoma
		                    Treatment of extramedullary plasmacytoma may include the following:          -  Radiation therapy to the tumor and nearby lymph nodes.    -  Surgery, usually followed by radiation therapy.    -  Watchful waiting after initial treatment, followed by radiation therapy, surgery, or chemotherapy if the tumor grows or causes signs or symptoms.        Check the list of NCI-supported cancer clinical trials that are now accepting patients with extramedullary plasmacytoma. For more specific results, refine the search by using other search features, such as the location of the trial, the type of treatment, or the name of the drug. Talk with your doctor about clinical trials that may be right for you. General information about clinical trials is available from the NCI website.
		                
		                
		                    Multiple Myeloma
		                    Patients without signs or symptoms may not need treatment. When signs or symptoms appear, the treatment of multiple myeloma may be done in phases:         -   Induction therapy : This is the first phase of treatment. Its goal is to reduce the amount of disease, and may include one or more of the following:               -  Corticosteroid therapy.      -  Biologic therapy with lenalidomide, pomalidomide, or thalidomide therapy.      -  Targeted therapy with proteasome inhibitors (bortezomib, carfilzomib, ixazomib, daratumumab, and elotuzumab).      -  Chemotherapy.      -  Histone deacetylase inhibitor therapy with panobinostat.      - A clinical trial of different combinations of treatment.             -   Consolidation chemotherapy : This is the second phase of treatment. Treatment in the consolidation phase is to kill any remaining cancer cells. High-dose chemotherapy is followed by either:               - one autologous stem cell transplant, in which the patient's stem cells from the blood or bone marrow are used; or      - two autologous stem cell transplants followed by an autologous or allogeneic stem cell transplant, in which the patient receives stem cells from the blood or bone marrow of a donor; or      - one allogeneic stem cell transplant.             -   Maintenance therapy : After the initial treatment, maintenance therapy is often given to help keep the disease in remission for a longer time. Several types of treatment are being studied for this use, including the following:               - Chemotherapy.      -  Biologic therapy with interferon.      - Corticosteroid therapy.      - Lenalidomide therapy.      - Targeted therapy with a proteasome inhibitor (bortezomib).                 Check the list of NCI-supported cancer clinical trials that are now accepting patients with multiple myeloma. For more specific results, refine the search by using other search features, such as the location of the trial, the type of treatment, or the name of the drug. Talk with your doctor about clinical trials that may be right for you. General information about clinical trials is available from the NCI website.
		                
		                
		                    Refractory Multiple Myeloma
		                    Treatment of refractory multiple myeloma may include the following:         -  Watchful waiting for patients whose disease is stable.    - A different treatment than treatment already given, for patients whose tumor kept growing during treatment. (See Multiple Myeloma treatment options.)    - A clinical trial of a new therapy.        Check the list of NCI-supported cancer clinical trials that are now accepting patients with refractory multiple myeloma. For more specific results, refine the search by using other search features, such as the location of the trial, the type of treatment, or the name of the drug. Talk with your doctor about clinical trials that may be right for you. General information about clinical trials is available from the NCI website.",CancerGov,Plasma Cell Neoplasms (Including Multiple Myeloma)
35,"Having certain inherited disorders can increase the risk of adult soft tissue sarcoma. Anything that increases your risk of getting a disease is called a risk factor. Having a risk factor does not mean that you will get cancer; not having risk factors doesn't mean that you will not get cancer. Talk with your doctor if you think you may be at risk. Risk factors for soft tissue sarcoma include the following inherited disorders:         -  Retinoblastoma.    -  Neurofibromatosis type 1 (NF1; von Recklinghausen disease).    -  Tuberous sclerosis (Bourneville disease).    -  Familial adenomatous polyposis (FAP; Gardner syndrome).    -  Li-Fraumeni syndrome.    -  Werner syndrome (adult progeria).    -  Nevoid basal cell carcinoma syndrome (Gorlin syndrome).        Other risk factors for soft tissue sarcoma include the following:         - Past treatment with radiation therapy for certain cancers.    - Being exposed to certain chemicals, such as Thorotrast (thorium dioxide), vinyl chloride, or arsenic.    - Having swelling (lymphedema) in the arms or legs for a long time.",CancerGov,Adult Soft Tissue Sarcoma
36,"Key Points
                    - Prostate cancer is a disease in which malignant (cancer) cells form in the tissues of the prostate.    - Signs of prostate cancer include a weak flow of urine or frequent urination.     - Tests that examine the prostate and blood are used to detect (find) and diagnose prostate cancer.    - Certain factors affect prognosis (chance of recovery) and treatment options.
                
                
                    Prostate cancer is a disease in which malignant (cancer) cells form in the tissues of the prostate.
                    The prostate is a gland in the male reproductive system. It lies just below the bladder (the organ that collects and empties urine) and in front of the rectum (the lower part of the intestine). It is about the size of a walnut and surrounds part of the urethra (the tube that empties urine from the bladder). The prostate gland makes fluid that is part of the semen.      Prostate cancer is most common in older men. In the U.S., about 1 out of 5 men will be diagnosed with prostate cancer.",CancerGov,Prostate Cancer
37,"Certain factors affect treatment options and prognosis (chance of recovery). Treatment options depend on:         - The stage of the disease.    - Red blood cell, white blood cell, and platelet blood counts.    - Whether there are signs or symptoms, such as fever, chills, or weight loss.    - Whether the liver, spleen, or lymph nodes are larger than normal.    - The response to initial treatment.    - Whether the CLL has recurred (come back).        The prognosis (chance of recovery) depends on:         - Whether there is a change in the DNA and the type of change, if there is one.    - Whether lymphocytes are spread throughout the bone marrow.    - The stage of the disease.    - Whether the CLL gets better with treatment or has recurred (come back).    - Whether the CLL progresses to lymphoma or prolymphocytic leukemia.    - The patient's general health.",CancerGov,Chronic Lymphocytic Leukemia
38,"New types of treatment are being tested in clinical trials.
                    This summary section refers to new treatments being studied in clinical trials, but it may not mention every new treatment being studied. Information about clinical trials is available from the NCI website.     Proton beam radiation therapy     Proton beam radiation therapy is a type of high-energy, external radiation therapy that uses streams of protons (small, positively-charged pieces of matter) to make radiation. This type of radiation kills tumor cells with little damage to nearby tissues. It is used to treat cancers of the head, neck, and spine and organs such as the brain, eye, lung, and prostate. Proton beam radiation is different from x-ray radiation.        Biologic therapy     Biologic therapy is a treatment that uses the patients immune system to fight cancer. Substances made by the body or made in a laboratory are used to boost, direct, or restore the bodys natural defenses against cancer. This type of cancer treatment is also called biotherapy or immunotherapy.    Biologic therapy is being studied for the treatment of some types of brain tumors. Treatments may include the following:            -  Dendritic cell vaccine therapy.     -  Gene therapy.
                
                
                    Patients may want to think about taking part in a clinical trial.
                    For some patients, taking part in a clinical trial may be the best treatment choice. Clinical trials are part of the cancer research process. Clinical trials are done to find out if new cancer treatments are safe and effective or better than the standard treatment.   Many of today's standard treatments for cancer are based on earlier clinical trials. Patients who take part in a clinical trial may receive the standard treatment or be among the first to receive a new treatment.   Patients who take part in clinical trials also help improve the way cancer will be treated in the future. Even when clinical trials do not lead to effective new treatments, they often answer important questions and help move research forward.
                
                
                    Patients can enter clinical trials before, during, or after starting their cancer treatment.
                    Some clinical trials only include patients who have not yet received treatment. Other trials test treatments for patients whose cancer has not gotten better. There are also clinical trials that test new ways to stop cancer from recurring (coming back) or reduce the side effects of cancer treatment.   Clinical trials are taking place in many parts of the country. See the Treatment Options section that follows for links to current treatment clinical trials. These have been retrieved from NCI's listing of clinical trials.",CancerGov,Adult Central Nervous System Tumors
39,"Key Points
                    - Adult Hodgkin lymphoma is a disease in which malignant (cancer) cells form in the lymph system.    - There are two main types of Hodgkin lymphoma: classical and nodular lymphocyte-predominant.    - Age, gender, and Epstein-Barr infection can affect the risk of adult Hodgkin lymphoma.     - Signs of adult Hodgkin lymphoma include swollen lymph nodes, fever, night sweats, and weight loss.     - Tests that examine the lymph nodes are used to detect (find) and diagnose adult Hodgkin lymphoma.    - Certain factors affect prognosis (chance of recovery) and treatment options.
                
                
                    Adult Hodgkin lymphoma is a disease in which malignant (cancer) cells form in the lymph system.
                    Adult Hodgkin lymphoma is a type of cancer that develops in the lymph system, part of the body's immune system. The immune system protects the body from foreign substances, infection, and diseases. The lymph system is made up of the following:         -  Lymph: Colorless, watery fluid that carries white blood cells called lymphocytes through the lymph system. Lymphocytes protect the body against infections and the growth of tumors.    -  Lymph vessels: A network of thin tubes that collect lymph from different parts of the body and return it to the bloodstream.     -  Lymph nodes: Small, bean-shaped structures that filter lymph and store white blood cells that help fight infection and disease. Lymph nodes are located along the network of lymph vessels found throughout the body. Clusters of lymph nodes are found in the neck, underarm, abdomen, pelvis, and groin.    -  Spleen: An organ that makes lymphocytes, filters the blood, stores blood cells, and destroys old blood cells. It is located on the left side of the abdomen near the stomach.    -  Thymus: An organ in which lymphocytes grow and multiply. The thymus is in the chest behind the breastbone.    -  Tonsils: Two small masses of lymph tissue at the back of the throat. The tonsils make lymphocytes.    -  Bone marrow: The soft, spongy tissue in the center of large bones. Bone marrow makes white blood cells, red blood cells, and platelets.         Lymph tissue is also found in other parts of the body such as the stomach, thyroid gland, brain, and skin. Cancer can spread to the liver and lungs.    Lymphomas are divided into two general types: Hodgkin lymphoma and non-Hodgkin lymphoma. This summary is about the treatment of adult Hodgkin lymphoma. (See the PDQ summary on Adult Non-Hodgkin Lymphoma Treatment for more information.)   Hodgkin lymphoma can occur in both adults and children. Treatment for adults is different than treatment for children. Hodgkin lymphoma may also occur in patients who have acquired immunodeficiency syndrome (AIDS); these patients require special treatment.    See the following PDQ summaries for more information:         -  Childhood Hodgkin Lymphoma Treatment     -  AIDS-Related Lymphoma Treatment         Hodgkin lymphoma in pregnant women is the same as the disease in nonpregnant women of childbearing age. However, treatment is different for pregnant women. This summary includes information about treating Hodgkin lymphoma during pregnancy.
                
                
                    There are two main types of Hodgkin lymphoma: classical and nodular lymphocyte-predominant.
                    Most Hodgkin lymphomas are the classical type. The classical type is broken down into the following four subtypes:         - Nodular sclerosing Hodgkin lymphoma.    - Mixed cellularity Hodgkin lymphoma.    - Lymphocyte depletion Hodgkin lymphoma.    - Lymphocyte-rich classical Hodgkin lymphoma.",CancerGov,Adult Hodgkin Lymphoma
40,"Key Points
                    - Neuroblastoma is a disease in which malignant (cancer) cells form in neuroblasts (immature nerve tissue) in the adrenal gland, neck, chest, or spinal cord.    - Neuroblastoma is sometimes caused by a gene mutation (change) passed from the parent to the child.    - Signs and symptoms of neuroblastoma include bone pain and a lump in the abdomen, neck, or chest.     - Tests that examine many different body tissues and fluids are used to detect (find) and diagnose neuroblastoma.    - A biopsy is done to diagnose neuroblastoma.    - Certain factors affect prognosis (chance of recovery) and treatment options.
                
                
                    Neuroblastoma is a disease in which malignant (cancer) cells form in neuroblasts (immature nerve tissue) in the adrenal gland, neck, chest, or spinal cord.
                    Neuroblastoma often begins in the nerve tissue of the adrenal glands. There are two adrenal glands, one on top of each kidney in the back of the upper abdomen. The adrenal glands make important hormones that help control heart rate, blood pressure, blood sugar, and the way the body reacts to stress. Neuroblastoma may also begin in nerve tissue in the neck, chest, abdomen or pelvis.      Neuroblastoma most often begins in infancy and may be diagnosed in the first month of life. It is found when the tumor begins to grow and cause signs or symptoms. Sometimes it forms before birth and is found during a fetal ultrasound.   By the time neuroblastoma is diagnosed, the cancer has usually metastasized (spread). Neuroblastoma spreads most often to the lymph nodes, bones, bone marrow, and liver. In infants, it also spreads to the skin.",CancerGov,Neuroblastoma
41,"New types of treatment are being tested in clinical trials.
                    This summary section describes treatments that are being studied in clinical trials. It may not mention every new treatment being studied. Information about clinical trials is available from the NCI website.     Targeted therapy     Targeted therapy is a type of treatment that uses drugs or other substances to attack specific cancer cells. Targeted therapies usually cause less harm to normal cells than chemotherapy or radiation therapy do. Targeted therapy is being studied in the treatment of recurrent childhood central nervous system atypical teratoid/rhabdoid tumor.
                
                
                    Patients may want to think about taking part in a clinical trial.
                    For some patients, taking part in a clinical trial may be the best treatment choice. Clinical trials are part of the cancer research process. Clinical trials are done to find out if new cancer treatments are safe and effective or better than the standard treatment.   Many of today's standard treatments for cancer are based on earlier clinical trials. Patients who take part in a clinical trial may receive the standard treatment or be among the first to receive a new treatment.   Patients who take part in clinical trials also help improve the way cancer will be treated in the future. Even when clinical trials do not lead to effective new treatments, they often answer important questions and help move research forward.
                
                
                    Patients can enter clinical trials before, during, or after starting their cancer treatment.
                    Some clinical trials only include patients who have not yet received treatment. Other trials test treatments for patients whose cancer has not gotten better. There are also clinical trials that test new ways to stop cancer from recurring (coming back) or reduce the side effects of cancer treatment.   Clinical trials are taking place in many parts of the country. See the Treatment Options section that follows for links to current treatment clinical trials. These have been retrieved from NCI's listing of clinical trials.",CancerGov,Childhood Central Nervous System Atypical Teratoid/Rhabdoid Tumor
42,"New types of treatment are being tested in clinical trials.
                    This summary section describes treatments that are being studied in clinical trials. It may not mention every new treatment being studied. Information about clinical trials is available from the NCI website.     Chimeric antigen receptor (CAR) T-cell therapy     CAR T-cell therapy is a type of immunotherapy that changes the patient's T cells (a type of immune system cell) so they will attack certain proteins on the surface of cancer cells. T cells are taken from the patient and special receptors are added to their surface in the laboratory. The changed cells are called chimeric antigen receptor (CAR) T cells. The CAR T cells are grown in the laboratory and given to the patient by infusion. The CAR T cells multiply in the patient's blood and attack cancer cells. CAR T-cell therapy is being studied in the treatment of childhood ALL that has relapsed (come back) a second time.
                
                
                    Patients may want to think about taking part in a clinical trial.
                    For some patients, taking part in a clinical trial may be the best treatment choice. Clinical trials are part of the cancer research process. Clinical trials are done to find out if new cancer treatments are safe and effective or better than the standard treatment.   Many of today's standard treatments for cancer are based on earlier clinical trials. Patients who take part in a clinical trial may receive the standard treatment or be among the first to receive a new treatment.   Patients who take part in clinical trials also help improve the way cancer will be treated in the future. Even when clinical trials do not lead to effective new treatments, they often answer important questions and help move research forward.
                
                
                    Patients can enter clinical trials before, during, or after starting their cancer treatment.
                    Some clinical trials only include patients who have not yet received treatment. Other trials test treatments for patients whose cancer has not gotten better. There are also clinical trials that test new ways to stop cancer from recurring (coming back) or reduce the side effects of cancer treatment.   Clinical trials are taking place in many parts of the country. See the Treatment Options section that follows for links to current treatment clinical trials. These have been retrieved from NCI's listing of clinical trials.",CancerGov,Childhood Acute Lymphoblastic Leukemia
43,"Tests or procedures that examine the skin are used to detect (find) and diagnose nonmelanoma skin cancer and actinic keratosis. The following procedures may be used:         -  Skin exam: A doctor or nurse checks the skin for bumps or spots that look abnormal in color, size, shape, or texture.    -  Skin biopsy : All or part of the abnormal-looking growth is cut from the skin and viewed under a microscope by a pathologist to check for signs of cancer. There are four main types of skin biopsies:               -  Shave biopsy : A sterile razor blade is used to shave-off the abnormal-looking growth.      -  Punch biopsy : A special instrument called a punch or a trephine is used to remove a circle of tissue from the abnormal-looking growth.      -  Incisional biopsy : A scalpel is used to remove part of a growth.      -  Excisional biopsy : A scalpel is used to remove the entire growth.",CancerGov,Skin Cancer
44,"A dwarf is a person of short stature - under 4' 10"" as an adult. More than 200 different conditions can cause dwarfism. A single type, called achondroplasia, causes about 70 percent of all dwarfism. Achondroplasia is a genetic condition that affects about 1 in 15,000 to 1 in 40,000 people. It makes your arms and legs short in comparison to your head and trunk. Other genetic conditions, kidney disease and problems with metabolism or hormones can also cause short stature.    Dwarfism itself is not a disease. However, there is a greater risk of some health problems. With proper medical care, most people with dwarfism have active lives and live as long as other people.",MPlusHealthTopics,Dwarfism
45,"An aneurysm is a bulge or ""ballooning"" in the wall of an artery. Arteries are blood vessels that carry oxygen-rich blood from the heart to other parts of the body. If an aneurysm grows large, it can burst and cause dangerous bleeding or even death.     Most aneurysms occur in the aorta, the main artery that runs from the heart through the chest and abdomen. Aneurysms also can happen in arteries in the brain, heart and other parts of the body. If an aneurysm in the brain bursts, it causes a stroke.    Aneurysms can develop and become large before causing any symptoms. Often doctors can stop aneurysms from bursting if they find and treat them early. They use imaging tests to find aneurysms. Often aneurysms are found by chance during tests done for other reasons. Medicines and surgery are the two main treatments for aneurysms.     NIH: National Heart, Lung, and Blood Institute",MPlusHealthTopics,Aneurysms
46,"Lead is a metal that occurs naturally in the earth's crust. Lead can be found in all parts of our environment. Much of it comes from human activities such as mining and manufacturing. Lead used to be in paint; older houses may still have lead paint. You could be exposed to lead by       - Eating food or drinking water that contains lead. Water pipes in older homes may contain lead.    - Working in a job where lead is used    - Using lead in a hobby, such as making stained glass or lead-glazed pottery    - Using folk remedies such as herbs or foods that contain lead       Breathing air, drinking water, eating food, or swallowing or touching dirt that contains lead can cause many health problems. Lead can affect almost every organ and system in your body. In adults, lead can increase blood pressure and cause infertility, nerve disorders, and muscle and joint pain. It can also make you irritable and affect your ability to concentrate and remember.    Lead is especially dangerous for children. A child who swallows large amounts of lead may develop anemia, severe stomachache, muscle weakness, and brain damage. Even at low levels, lead can affect a child's mental and physical growth.    Agency for Toxic Substances Disease Registry",MPlusHealthTopics,Lead Poisoning
47,"Breast cancer affects one in eight women during their lives. Breast cancer kills more women in the United States than any cancer except lung cancer. No one knows why some women get breast cancer, but there are a number of risk factors. Risks that you cannot change include       - Age - the chance of getting breast cancer rises as a woman gets older     - Genes - there are two genes, BRCA1 and BRCA2, that greatly increase the risk. Women who have family members with breast or ovarian cancer may wish to be tested.     - Personal factors - beginning periods before age 12 or going through menopause after age 55       Other risks include being overweight, using hormone replacement therapy (also called menopausal hormone therapy), taking birth control pills, drinking alcohol, not having children or having your first child after age 35 or having dense breasts.    Symptoms of breast cancer may include a lump in the breast, a change in size or shape of the breast or discharge from a nipple. Breast self-exam and mammography can help find breast cancer early when it is most treatable. Treatment may consist of radiation, lumpectomy, mastectomy, chemotherapy and hormone therapy.    Men can have breast cancer, too, but the number of cases is small.    NIH: National Cancer Institute",MPlusHealthTopics,Breast Cancer
48,"Food provides the energy and nutrients you need to be healthy. If you don't get enough nutrients -- including proteins, carbohydrates, fats, vitamins, and minerals - you may suffer from malnutrition.    Causes of malnutrition include:       - Lack of specific nutrients in your diet. Even the lack of one vitamin can lead to malnutrition.    - An unbalanced diet    - Certain medical problems, such as malabsorption syndromes and cancers       Symptoms may include fatigue, dizziness, and weight loss. Or, you may have no symptoms. To diagnose the cause of the problem, your doctor may do blood tests and a nutritional assessment. Treatment may include replacing the missing nutrients and treating the underlying cause.",MPlusHealthTopics,Malnutrition
49,"If you spend time outdoors, chances are you have been bothered by poison ivy, poison oak or poison sumac at some point. Most people are sensitive to the plants' oily sap. The sap is in the root, stems, leaves and fruit of these plants. If it gets on your skin, it causes a blistering skin rash. The rash can range from mild to severe, depending on how much sap gets on your skin and how sensitive you are to it. Problems can also happen if the plants are burned. Airborne sap-coated soot can get into the eyes, nose, throat and respiratory system.     The best way to avoid the rash is to learn what the plants look like and stay away from them. If you come into contact with the plants, wash your skin and clothing right away. If you develop a rash, ask your pharmacist about over-the-counter medicines. For severe rashes, see your doctor.     National Park Service",MPlusHealthTopics,"Poison Ivy, Oak and Sumac"
50,"The leukodystrophies are rare diseases that affect the cells of the brain. Specifically, the diseases affect the myelin sheath, the material that surrounds and protects nerve cells. Damage to this sheath slows down or blocks messages between the brain and the rest of the body. This leads to problems with       -  Movement    -  Speaking    -  Vision    -  Hearing     -  Mental and physical development        Most of the leukodystrophies are genetic. They usually appear during infancy or childhood. They can be hard to detect early because children seem healthy at first. However, symptoms gradually get worse over time.     There are no cures for any of the leukodystrophies. Medicines, speech therapy and physical therapy might help with symptoms. Researchers are testing bone marrow transplantation as a treatment for some of the leukodystrophies.     NIH: National Institute of Neurological Disorders and Stroke",MPlusHealthTopics,Leukodystrophies
51,"You're working at your desk, trying to ignore the tingling or numbness you've had for some time in your hand and wrist. Suddenly, a sharp, piercing pain shoots through the wrist and up your arm. Just a passing cramp? It could be carpal tunnel syndrome.    The carpal tunnel is a narrow passageway of ligament and bones at the base of your hand. It contains nerve and tendons. Sometimes, thickening from irritated tendons or other swelling narrows the tunnel and causes the nerve to be compressed. Symptoms usually start gradually. As they worsen, grasping objects can become difficult.    Often, the cause is having a smaller carpal tunnel than other people do. Other causes include performing assembly line work, wrist injury, or swelling due to certain diseases, such as rheumatoid arthritis. Women are three times more likely to have carpal tunnel syndrome than men.    Early diagnosis and treatment are important to prevent permanent nerve damage. Your doctor diagnoses carpal tunnel syndrome with a physical exam and special nerve tests. Treatment includes resting your hand, splints, pain and anti-inflammatory medicines, and sometimes surgery.     NIH: National Institute of Neurological Disorders and Stroke",MPlusHealthTopics,Carpal Tunnel Syndrome
52,"Most people have four pea-sized glands, called parathyroid glands, on the thyroid gland in the neck. Though their names are similar, the thyroid and parathyroid glands are completely different. The parathyroid glands make parathyroid hormone (PTH), which helps your body keep the right balance of calcium and phosphorous.    If your parathyroid glands make too much or too little hormone, it disrupts this balance. If they secrete extra PTH, you have hyperparathyroidism, and your blood calcium rises. In many cases, a benign tumor on a parathyroid gland makes it overactive. Or, the extra hormones can come from enlarged parathyroid glands. Very rarely, the cause is cancer.    If you do not have enough PTH, you have hypoparathyroidism. Your blood will have too little calcium and too much phosphorous. Causes include injury to the glands, endocrine disorders, or genetic conditions. Treatment is aimed at restoring the balance of calcium and phosphorous.    NIH: National Institute of Diabetes and Digestive and Kidney Diseases",MPlusHealthTopics,Parathyroid Disorders
53,"If you are pregnant, high blood pressure can cause problems for you and your unborn baby. You may have had high blood pressure before you got pregnant. Or you may get it once you are pregnant - a condition called gestational hypertension. Either one can cause low birth weight or premature delivery of the baby.    Controlling your blood pressure during pregnancy and getting regular prenatal care are important for the health of you and your baby. Treatments for high blood pressure in pregnancy may include close monitoring of the baby, lifestyle changes, and certain medicines.    Some pregnant women with high blood pressure develop preeclampsia. It's a sudden increase in blood pressure after the 20th week of pregnancy. It can be life-threatening for both you and the unborn baby. There is no proven way to prevent it. Most women who have signs of preeclampsia are closely monitored to lessen or avoid complications. The only way to ""cure"" preeclampsia is to deliver the baby.    NIH: National Heart, Lung, and Blood Institute",MPlusHealthTopics,High Blood Pressure in Pregnancy
54,"Scabies is an itchy skin condition caused by the microscopic mite Sarcoptes scabei. It is common all over the world, and can affect anyone. Scabies spreads quickly in crowded conditions where there is frequent skin-to-skin contact between people. Hospitals, child-care centers, and nursing homes are examples. Scabies can easily infect sex partners and other household members. Sharing clothes, towels, and bedding can sometimes spread scabies. This can happen much more easily when the infested person has crusted scabies. You cannot get scabies from a pet. Pets get a different mite infection called mange.     Symptoms are       - Pimple-like irritations or a rash     - Intense itching, especially at night    - Sores caused by scratching        Your health care provider diagnoses scabies by looking at the skin rash and finding burrows in the skin.    Several lotions are available to treat scabies. The infected person's clothes, bedding and towels should be washed in hot water and dried in a hot dryer. Treatment is also recommended for household members and sexual partners.    Centers for Disease Control and Prevention",MPlusHealthTopics,Scabies
55,"Genital herpes is a sexually transmitted disease (STD) caused by a herpes simplex virus (HSV). It can cause sores on your genital or rectal area, buttocks, and thighs. You can get it from having sex, even oral sex. The virus can spread even when sores are not present. Mothers can also infect their babies during childbirth.    Symptoms of herpes are called outbreaks. You usually get sores near the area where the virus has entered the body. They turn into blisters, become itchy and painful, and then heal. Sometimes people do not know they have herpes because they have no symptoms or very mild symptoms. The virus can be more serious in newborn babies or in people with weak immune systems.    Most people have outbreaks several times a year. Over time, you get them less often and the symptoms become milder. The virus stays in your body for life.    Medicines do not cure genital herpes, but they can help your body fight the virus. This can help lessen symptoms, decrease outbreaks, and lower the risk of passing the virus to others. Correct usage of latex condoms can reduce, but not eliminate, the risk of catching or spreading herpes.    NIH: National Institute of Allergy and Infectious Diseases",MPlusHealthTopics,Genital Herpes
56,"Multiple myeloma is a cancer that begins in plasma cells, a type of white blood cell. These cells are part of your immune system, which helps protect the body from germs and other harmful substances. In time, myeloma cells collect in the bone marrow and in the solid parts of bones.    No one knows the exact causes of multiple myeloma, but it is more common in older people and African Americans. It can run in families. Common symptoms may include       - Bone pain, often in the back or ribs    - Broken bones    - Weakness or fatigue    - Weight loss    - Frequent infections and fevers    - Feeling very thirsty    - Frequent urination       Doctors diagnose multiple myeloma using lab tests, imaging tests, and a bone marrow biopsy. Your treatment depends on how advanced the disease is and whether you have symptoms. If you have no symptoms, you may not need treatment right away. If you have symptoms, you may have chemotherapy, stem cell transplantation, radiation, or targeted therapy. Targeted therapy uses substances that attack cancer cells without harming normal cells.    NIH: National Cancer Institute",MPlusHealthTopics,Multiple Myeloma
57,"Summary : Hormones are your body's chemical messengers. They travel in your bloodstream to tissues or organs. They work slowly, over time, and affect many different processes, including       - Growth and development    - Metabolism - how your body gets energy from the foods you eat    -  Sexual function    -  Reproduction    -  Mood       Endocrine glands, which are special groups of cells, make hormones. The major endocrine glands are the pituitary, pineal, thymus, thyroid, adrenal glands, and pancreas. In addition, men produce hormones in their testes and women produce them in their ovaries.     Hormones are powerful. It takes only a tiny amount to cause big changes in cells or even your whole body. That is why too much or too little of a certain hormone can be serious. Laboratory tests can measure the hormone levels in your blood, urine, or saliva. Your health care provider may perform these tests if you have symptoms of a hormone disorder. Home pregnancy tests are similar - they test for pregnancy hormones in your urine.",MPlusHealthTopics,Hormones
58,"Summary : Health literacy refers to how well a person can get the health information and services that they need, and how well they understand them. It is also about using them to make good health decisions. It involves differences that people have in areas such as       - Access to information that they can understand    - Skills, such as finding that information, communicating with health care providers, living a healthy lifestyle, and managing a disease    - Knowledge of medical words, and of how their healthcare system works    - Abilities, such as physical or mental limitations    - Personal factors, such as age, education, language abilities, and culture       More than 90 million adults in the United States have low health literacy. It affects their ability to make health decisions. This can harm their health. They may have trouble managing chronic diseases, and leading a healthy lifestyle. They may go to the hospital more often, and have poorer health overall.    NIH: National Institutes of Health",MPlusHealthTopics,Health Literacy
59,"The chest is the part of the body between your neck and your abdomen. It includes the ribs and breastbone. Inside your chest are several organs, including the heart, lungs, and esophagus. The pleura, a large thin sheet of tissue, lines the inside of the chest cavity.    Chest injuries and disorders include       - Heart diseases    - Lung diseases and collapsed lung    - Pleural disorders    - Esophagus disorders    - Broken ribs    - Thoracic aortic aneurysms    - Disorders of the mediastinum, the space between the lungs, breastbone, and spine",MPlusHealthTopics,Chest Injuries and Disorders
60,"The brachial plexus is a network of nerves that conducts signals from the spine to the shoulder, arm, and hand. Brachial plexus injuries are caused by damage to those nerves.    Symptoms may include       - A limp or paralyzed arm    - Lack of muscle control in the arm, hand, or wrist    - Lack of feeling or sensation in the arm or hand       Brachial plexus injuries can occur as a result of shoulder trauma, tumors, or inflammation. Sometimes they happen during childbirth when a baby's shoulders become stuck during delivery and the nerves stretch or tear.    Some brachial plexus injuries may heal without treatment. Many children who are injured during birth improve or recover by 3 to 4 months of age. Treatment includes physical therapy and, in some cases, surgery.    NIH: National Institute of Neurological Disorders and Stroke",MPlusHealthTopics,Brachial Plexus Injuries
61,"Summary : Teen violence refers to harmful behaviors that can start early and continue into young adulthood. The young person can be a victim, an offender, or a witness to the violence.    Violent acts can include       - Bullying    - Fighting, including punching, kicking, slapping, or hitting    - Use of weapons such as guns or knives       Some violent acts can cause more emotional harm than physical harm. Others can lead to serious injury or even death.    An important risk factor for violence in teens is the behavior of their friends and classmates. You should know who your kids hang out with and encourage healthy behavior and relationships.    Centers for Disease Control and Prevention",MPlusHealthTopics,Teen Violence
62,"Summary : You see them all the time in the news - the number of people who were in the hospital last year, the percentage of kids who are overweight, the rate at which people are catching the flu, the average cost of a medical procedure. These are all types of health statistics.    Health statistics are numbers about some aspect of health. Statistics about births, deaths, marriages, and divorces are sometimes called ""vital statistics."" Researchers use statistics to see patterns of diseases in groups of people. This can help in figuring out who is at risk for certain diseases, finding ways to control diseases and deciding which diseases should be studied.",MPlusHealthTopics,Health Statistics
63,"Summary : Your liver is the largest organ inside your body. It helps your body digest food, store energy, and remove poisons. You cannot live without a liver that works. If your liver fails, your doctor may put you on a waiting list for a liver transplant. Doctors do liver transplants when other treatment cannot keep a damaged liver working.    During a liver transplantation, the surgeon removes the diseased liver and replaces it with a healthy one. Most transplant livers come from a donor who has died. Sometimes there is a living donor. This is when a healthy person donates part of his or her liver for a specific patient.    The most common reason for a transplant in adults is cirrhosis. This is scarring of the liver, caused by injury or long-term disease. The most common reason in children is biliary atresia, a disease of the bile ducts.    If you have a transplant, you must take drugs the rest of your life to help keep your body from rejecting the new liver.    NIH: National Institute of Diabetes and Digestive and Kidney Diseases",MPlusHealthTopics,Liver Transplantation
64,"Leukemia is cancer of the white blood cells. It is the most common type of childhood cancer. Your blood cells form in your bone marrow. White blood cells help your body fight infection. In leukemia, the bone marrow produces abnormal white blood cells. These cells crowd out the healthy blood cells, making it hard for blood to do its work.    Leukemia can develop quickly or slowly. Acute leukemia is a fast growing type while chronic leukemia grows slowly. Children with leukemia usually have one of the acute types.     Symptoms include       - Infections    - Fever    - Loss of appetite    - Tiredness    - Easy bruising or bleeding    - Swollen lymph nodes    - Night sweats    - Shortness of breath    - Pain in the bones or joints       Risk factors for childhood leukemia include having a brother or sister with leukemia, having certain genetic disorders and having had radiation or chemotherapy. Treatment often cures childhood leukemia. Treatment options include chemotherapy, other drug therapy and radiation. In some cases bone marrow and blood stem cell transplantation might help.     NIH: National Cancer Institute",MPlusHealthTopics,Childhood Leukemia
65,"A concussion is a type of brain injury. It's the most minor form. Technically, a concussion is a short loss of normal brain function in response to a head injury. But people often use it to describe any minor injury to the head or brain.    Concussions are a common type of sports injury. You can also have one if you suffer a blow to the head or hit your head after a fall.    Symptoms of a concussion may not start right away; they may start days or weeks after the injury. Symptoms may include a headache or neck pain. You may also have nausea, ringing in your ears, dizziness, or tiredness. You may feel dazed or not your normal self for several days or weeks after the injury. Consult your health care professional if any of your symptoms get worse, or if you have more serious symptoms such as       - Seizures    - Trouble walking or sleeping    - Weakness, numbness, or decreased coordination    - Repeated vomiting or nausea    - Confusion    - Slurred speech       Doctors use a neurologic exam and imaging tests to diagnose a concussion. Most people recover fully after a concussion, but it can take some time. Rest is very important after a concussion because it helps the brain to heal.    Centers for Disease Control and Prevention",MPlusHealthTopics,Concussion
66,"What causes Turner syndrome? Turner syndrome is caused by partial or complete loss of one of the X chromosomes in cells of females. Females without Turner syndrome have 2 full X chromosome in all of their cells (and males have one X chromosome and one Y chromosome). The missing genetic material affects development before and after birth. Most females with Turner syndrome are missing a full X chromosome in all of their cells (also called monosomy X). This form results from a random error in an egg or sperm cell prior to conception. Some females with Turner syndrome have two X chromosomes, but one of them is missing a piece (has a deletion). Depending on the specific gene(s) that are missing, the features of Turner syndrome may result. A deletion may occur sporadically (not inherited) or may be inherited from a parent. Mosaic Turner syndrome (when some cells have one X chromosome and some have two sex chromosomes) is caused by a random error in early fetal development (shortly after conception). It is still unclear exactly which genes on the X chromosome are associated with each feature of Turner syndrome. It is known that the SHOX gene on the X chromosome is important for growth and bone development. A missing copy of this gene is thought to result in the short stature and skeletal abnormalities in many affected women.",GARD,Turner syndrome
67,"How is Bartter syndrome inherited? Bartter syndrome is inherited in an autosomal recessive manner, which means that both copies of the disease-causing gene (one inherited from each parent) have a mutation in an affected individual. Parents who each carry one mutated copy of the gene are referred to as carriers and typically do not have signs or symptoms of the condition. When two carriers for an autosomal recessive condition have children, each child has a 25% (1 in 4) risk to have the condition, a 50% (1 in 2) risk to be a carrier like each of the parents, and a 25% chance to not have the condition and not be a carrier. Click here to visit the Genetic Home Reference Web site and view an illustration that demonstrates autosomal recessive inheritance.",GARD,Bartter syndrome
68,"What are the signs and symptoms of Donnai-Barrow syndrome? The Human Phenotype Ontology provides the following list of signs and symptoms for Donnai-Barrow syndrome. If the information is available, the table below includes how often the symptom is seen in people with this condition. You can use the MedlinePlus Medical Dictionary to look up the definitions for these medical terms. Signs and Symptoms Approximate number of patients (when available) Low-molecular-weight proteinuria 100% Non-acidotic proximal tubulopathy 100% Abnormality of the fontanelles or cranial sutures 90% Aplasia/Hypoplasia of the corpus callosum 90% Broad nasal tip 90% Cognitive impairment 90% Depressed nasal bridge 90% High anterior hairline 90% Hypertelorism 90% Infra-orbital crease 90% Low-set, posteriorly rotated ears 90% Myopia 90% Proptosis 90% Proteinuria 90% Sensorineural hearing impairment 90% Short nose 90% Low-set ears 75% Broad forehead 50% Congenital diaphragmatic hernia 50% Diaphragmatic eventration 50% Macrocephaly 50% Omphalocele 50% Retinal detachment 50% Umbilical hernia 50% Visual impairment 50% Progressive visual loss 33% Retinal dystrophy 33% Abnormality of female internal genitalia 7.5% Chorioretinal coloboma 7.5% Hypoplasia of the iris 7.5% Intestinal malrotation 7.5% Iris coloboma 7.5% Seizures 7.5% Ventricular septal defect 7.5% Bicornuate uterus 5% Cataract 1% Aplasia/Hypoplasia of the corpus callosum 11/11 Hypertelorism 12/12 Sensorineural hearing impairment 5/5 Severe Myopia 5/5 Short nose 9/11 Wide anterior fontanel 9/12 Congenital diaphragmatic hernia 9/13 Posteriorly rotated ears 7/11 Iris coloboma 3/6 Omphalocele 6/12 Intestinal malrotation 3/13 Autosomal recessive inheritance - Hypoplasia of midface - Malar flattening - Partial agenesis of the corpus callosum - The Human Phenotype Ontology (HPO) has collected information on how often a sign or symptom occurs in a condition. Much of this information comes from Orphanet, a European rare disease database. The frequency of a sign or symptom is usually listed as a rough estimate of the percentage of patients who have that feature. The frequency may also be listed as a fraction. The first number of the fraction is how many people had the symptom, and the second number is the total number of people who were examined in one study. For example, a frequency of 25/25 means that in a study of 25 people all patients were found to have that symptom. Because these frequencies are based on a specific study, the fractions may be different if another group of patients are examined. Sometimes, no information on frequency is available. In these cases, the sign or symptom may be rare or common.",GARD,Donnai-Barrow syndrome
69,"How might Omenn syndrome be treated? The standard treatment for Omenn syndrome is bone marrow transplantation or cord blood stem cell transplantation. General care for any patient with severe combined immunodeficiency (SCID), including Omenn syndrome, includes isolation to prevent infection and meticulous skin and mucosal hygienic practices while the patient is awaiting stem cell reconstitution. Broad-spectrum antibiotics may be administered parenterally while cultures and body fluid analyses are in progress. Parenteral nutrition may also be provided as therapy for diarrhea and failure to thrive. A detailed description of therapeutic options is provided in the referenced eMedicine article.",GARD,Omenn syndrome
70,"What are the signs and symptoms of Iminoglycinuria? The Human Phenotype Ontology provides the following list of signs and symptoms for Iminoglycinuria. If the information is available, the table below includes how often the symptom is seen in people with this condition. You can use the MedlinePlus Medical Dictionary to look up the definitions for these medical terms. Signs and Symptoms Approximate number of patients (when available) Abnormality of the eye - Autosomal recessive inheritance - Hydroxyprolinuria - Hyperglycinuria - Intellectual disability - Prolinuria - The Human Phenotype Ontology (HPO) has collected information on how often a sign or symptom occurs in a condition. Much of this information comes from Orphanet, a European rare disease database. The frequency of a sign or symptom is usually listed as a rough estimate of the percentage of patients who have that feature. The frequency may also be listed as a fraction. The first number of the fraction is how many people had the symptom, and the second number is the total number of people who were examined in one study. For example, a frequency of 25/25 means that in a study of 25 people all patients were found to have that symptom. Because these frequencies are based on a specific study, the fractions may be different if another group of patients are examined. Sometimes, no information on frequency is available. In these cases, the sign or symptom may be rare or common.",GARD,Iminoglycinuria
71,"What are the signs and symptoms of Thrombocytopenia with elevated serum IgA and renal disease? The Human Phenotype Ontology provides the following list of signs and symptoms for Thrombocytopenia with elevated serum IgA and renal disease. If the information is available, the table below includes how often the symptom is seen in people with this condition. You can use the MedlinePlus Medical Dictionary to look up the definitions for these medical terms. Signs and Symptoms Approximate number of patients (when available) Abnormal bleeding - Glomerulonephritis - Hematuria - Increased IgA level - Thrombocytopenia - X-linked inheritance - The Human Phenotype Ontology (HPO) has collected information on how often a sign or symptom occurs in a condition. Much of this information comes from Orphanet, a European rare disease database. The frequency of a sign or symptom is usually listed as a rough estimate of the percentage of patients who have that feature. The frequency may also be listed as a fraction. The first number of the fraction is how many people had the symptom, and the second number is the total number of people who were examined in one study. For example, a frequency of 25/25 means that in a study of 25 people all patients were found to have that symptom. Because these frequencies are based on a specific study, the fractions may be different if another group of patients are examined. Sometimes, no information on frequency is available. In these cases, the sign or symptom may be rare or common.",GARD,Thrombocytopenia with elevated serum IgA and renal disease
72,"What are the signs and symptoms of Congenital porphyria? The Human Phenotype Ontology provides the following list of signs and symptoms for Congenital porphyria. If the information is available, the table below includes how often the symptom is seen in people with this condition. You can use the MedlinePlus Medical Dictionary to look up the definitions for these medical terms. Signs and Symptoms Approximate number of patients (when available) Abnormal blistering of the skin 90% Abnormality of dental color 90% Abnormality of the heme biosynthetic pathway 90% Abnormality of urine homeostasis 90% Cutaneous photosensitivity 90% Hemolytic anemia 90% Hypertrichosis 90% Self-injurious behavior 90% Splenomegaly 90% Abnormality of immune system physiology 50% Recurrent fractures 50% Reduced bone mineral density 50% Thrombocytopenia 7.5% Abnormality of the mouth - Alopecia - Atypical scarring of skin - Autosomal recessive inheritance - Cholelithiasis - Congenital onset - Conjunctivitis - Corneal scarring - Hyperpigmentation of the skin - Hypopigmentation of the skin - Joint contracture of the hand - Loss of eyelashes - Osteolysis - Osteopenia - Pathologic fracture - Scleroderma - Short stature - Thickened skin - Vertebral compression fractures - The Human Phenotype Ontology (HPO) has collected information on how often a sign or symptom occurs in a condition. Much of this information comes from Orphanet, a European rare disease database. The frequency of a sign or symptom is usually listed as a rough estimate of the percentage of patients who have that feature. The frequency may also be listed as a fraction. The first number of the fraction is how many people had the symptom, and the second number is the total number of people who were examined in one study. For example, a frequency of 25/25 means that in a study of 25 people all patients were found to have that symptom. Because these frequencies are based on a specific study, the fractions may be different if another group of patients are examined. Sometimes, no information on frequency is available. In these cases, the sign or symptom may be rare or common.",GARD,Congenital porphyria
73,"How might intravenous leiomyomatosis be treated? The mainstay of treatment for IVL is surgery to remove the tumor and its spread throughout the body. The use of anti-estrogen therapy, such as tamoxifen, has also been suggested. Surgery requires the complete removal of the tumor, since incomplete removal may result in a recurrence and hence further surgery or even death. Many affected individuals undergo a hysterectomy; bilateral oophorectomy is also suggested because these tumors are estrogen dependent. Part of a tumor left inside the pelvic veins at the time of hysterectomy can extend towards the right side of the heart, leading to obstruction and other adverse events later in life. The median time between hysterectomy to the diagnosis of IVL with cardiac involvement is 4 years. Once there is cardiac involvement, a patient may require open-heart surgery to remove the IVL from the affected areas.",GARD,Intravenous leiomyomatosis
74,"What are the signs and symptoms of Multiple familial trichoepithelioma? People with multiple familial trichoepithelioma typically develop large large numbers of smooth, round, firm skin-colored tumors called trichoepitheliomas, which arise from hair follicles. These benign (noncancerous) tumors may occasionally transform into a type of skin cancer called basal cell carcinoma. Occasionally, other types of tumors, including growths called spiradenomas (which originate in sweat glands) and cylindromas (which likely originate in hair follicles) also develop. Affected individuals are also at-risk to develop tumors in other tissues, particularly benign tumors of the salivary glands. The tumors in multiple familial trichoepithelioma typically first appear during childhood or adolescence, and appear most often around the nose, forehead, upper lip, and occasionally scalp, neck, and upper trunk. They may grow larger and increase in number over time. In rare cases, the tumors may get in the way of the eyes, ears, nose, or mouth and affect vision or hearing. The growths can be disfiguring and may contribute to depression or other psychological problems. For reasons that remain unknown, females are often more severely affected than males.  The Human Phenotype Ontology provides the following list of signs and symptoms for Multiple familial trichoepithelioma. If the information is available, the table below includes how often the symptom is seen in people with this condition. You can use the MedlinePlus Medical Dictionary to look up the definitions for these medical terms. Signs and Symptoms Approximate number of patients (when available) Neoplasm of the skin 90% Telangiectasia of the skin 50% Basal cell carcinoma 5% Adult onset - Autosomal dominant inheritance - The Human Phenotype Ontology (HPO) has collected information on how often a sign or symptom occurs in a condition. Much of this information comes from Orphanet, a European rare disease database. The frequency of a sign or symptom is usually listed as a rough estimate of the percentage of patients who have that feature. The frequency may also be listed as a fraction. The first number of the fraction is how many people had the symptom, and the second number is the total number of people who were examined in one study. For example, a frequency of 25/25 means that in a study of 25 people all patients were found to have that symptom. Because these frequencies are based on a specific study, the fractions may be different if another group of patients are examined. Sometimes, no information on frequency is available. In these cases, the sign or symptom may be rare or common.",GARD,Multiple familial trichoepithelioma
75,"Sprengel deformity is a congenital condition characterized by abnormal development and elevation of the shoulder blade (scapula). Severity can range considerably from being almost invisible when covered with clothes, to the shoulder being elevated over 5 centimeters, with neck webbing. Signs and symptoms may include a lump in the back of the base of the neck and limited movement in the shoulder or arm. The condition may also be associated with other skeletal (bone or cartilage) or muscular abnormalities. Sprengel deformity typically occurs sporadically for no apparent reason but autosomal dominant inheritance has been reported. It is caused by an interruption of normal development and movement of the scapula during early fetal growth (probably between the 9th and 12th weeks of gestation). Treatment often includes physical therapy, but severe cases may require surgery to improve cosmetic appearance and scapular function.",GARD,Sprengel deformity
76,"What causes cold agglutinin disease? Cold agglutinin disease is typically classified as primary (unknown cause) or secondary (caused by an underlying condition). Secondary cold agglutinin disease may be associated with: Bacterial Infections such as mycoplasma, Legionnaires' disease, syphilis, listeriosis, or E. Coli Viral infections such Epstein-Barr virus, cytomegalovirus, mumps, varicella, rubella, adenovirus, HIV, influenza, or hepatitis C Parasitic infections such as malaria or trypanosomiasis Other autoimmune diseases such as systemic lupus erythematosus Certain types of cancers such as lymphoma, chronic lymphocytic leukemia, Waldenstrm macroglobulinemia, multiple myeloma, and Kaposi sarcoma",GARD,Cold agglutinin disease
77,"What are the signs and symptoms of Epilepsy, benign occipital? The Human Phenotype Ontology provides the following list of signs and symptoms for Epilepsy, benign occipital. If the information is available, the table below includes how often the symptom is seen in people with this condition. You can use the MedlinePlus Medical Dictionary to look up the definitions for these medical terms. Signs and Symptoms Approximate number of patients (when available) Autosomal dominant inheritance - EEG abnormality - Seizures - The Human Phenotype Ontology (HPO) has collected information on how often a sign or symptom occurs in a condition. Much of this information comes from Orphanet, a European rare disease database. The frequency of a sign or symptom is usually listed as a rough estimate of the percentage of patients who have that feature. The frequency may also be listed as a fraction. The first number of the fraction is how many people had the symptom, and the second number is the total number of people who were examined in one study. For example, a frequency of 25/25 means that in a study of 25 people all patients were found to have that symptom. Because these frequencies are based on a specific study, the fractions may be different if another group of patients are examined. Sometimes, no information on frequency is available. In these cases, the sign or symptom may be rare or common.",GARD,"Epilepsy, benign occipital"
78,"Schnitzler syndrome is a rare autoinflammatory condition. Signs and symptoms of the condition vary but may include urticaria; recurrent fevers; joint pain and inflammation; organomegaly (abnormally enlarged organs); and/or blood abnormalities. The exact underlying cause of the condition is unknown; however, most cases occur sporadically in people with no family history of the condition. Treatment is focused on alleviating the signs and symptoms associated with the condition and may include various medications and/or phototherapy.",GARD,Schnitzler syndrome
79,"Opsismodysplasia is a rare skeletal dysplasia characterized by congenital short stature and characteristic craniofacial abnormalities. Clinical signs observed at birth include short limbs, small hands and feet, relative macrocephaly with a large anterior fontanel (the space between the front bones of the skull), and characteristic craniofacial abnormalities including a prominent brow, depressed nasal bridge, a small anteverted nose, and a relatively long philtrum. Children with opsismodysplasia are at an increased risk for respiratory infections and respiratory failure. This condition is caused by mutations in the INPPL1 the gene. It is inherited in an autosomal recessive manner.",GARD,Opsismodysplasia
80,"How is long QT syndrome diagnosed? Long QT syndrome is diagnosed on the basis of electrocardiographic (EKG) findings, clinical findings such as congenital deafness or unexplained fainting, and family history of long QT syndrome or sudden cardiac death. Genetic testing is often performed in families in whom the diagnosis of long QT syndrome has been made or is suspected on clinical grounds.",GARD,Long QT syndrome
81,"How is 21-hydroxylase-deficient congenital adrenal hyperplasia passed through families? 21-hydroxylase-deficient congenital adrenal hyperplasia has an autosomal recessive pattern of inheritance. In autosomal recessive conditions, both parents carry one copy of a mutated gene for the disorder. They have a 25 percent chance with each pregnancy of having a child affected by the disorder. The chance with each pregnancy of having an unaffected child who is a carrier of the disorder is 50 percent, and the chance that a child will not have the disorder and will not be a carrier is 25 percent. See the illustration below.",GARD,21-hydroxylase deficiency
82,"What are the signs and symptoms of X-linked visceral heterotaxy 1? The Human Phenotype Ontology provides the following list of signs and symptoms for X-linked visceral heterotaxy 1. If the information is available, the table below includes how often the symptom is seen in people with this condition. You can use the MedlinePlus Medical Dictionary to look up the definitions for these medical terms. Signs and Symptoms Approximate number of patients (when available) Abdominal situs inversus - Asplenia - Dextrocardia - Patent ductus arteriosus - Polysplenia - Pulmonic stenosis - Ventricular septal defect - X-linked inheritance - The Human Phenotype Ontology (HPO) has collected information on how often a sign or symptom occurs in a condition. Much of this information comes from Orphanet, a European rare disease database. The frequency of a sign or symptom is usually listed as a rough estimate of the percentage of patients who have that feature. The frequency may also be listed as a fraction. The first number of the fraction is how many people had the symptom, and the second number is the total number of people who were examined in one study. For example, a frequency of 25/25 means that in a study of 25 people all patients were found to have that symptom. Because these frequencies are based on a specific study, the fractions may be different if another group of patients are examined. Sometimes, no information on frequency is available. In these cases, the sign or symptom may be rare or common.",GARD,X-linked visceral heterotaxy 1
83,"How might Kyrle disease be treated? Kyrle disease is most often associated with a systemic disorder, although idiopathic cases without any associated disease have occurred. Therefore, treatment is typically directed toward the underlying condition when appropriate. For individuals in whom itching is a major problem, soothing antipruritic lotions containing menthol and camphor may be helpful. Sedating antihistamines such as hydroxyzine may also be helpful for pruritus, especially at night. Some improvement has been reported with high doses of vitamin A, with or without vitamin E. Topical retinoic acid cream may also improve the symptoms. Another approach to treatment uses oral retinoids, which resulted in alleviation of symptoms in one study. Etretinate in high doses is also reportedly effective, but relapse has been reported following discontinuation of therapy. UV light therapy is reportedly particularly helpful for individuals with widespread lesions or coexisting pruritus from renal or hepatic disease. Carbon dioxide laser or cryosurgery may be helpful for limited lesions, but caution may be recommended for individuals with dark skin, especially with cryosurgery, and for lesions on the lower legs, particularly in patients with diabetes mellitus or poor circulation.",GARD,Kyrle disease
84,"What are the signs and symptoms of Femur fibula ulna syndrome? The Human Phenotype Ontology provides the following list of signs and symptoms for Femur fibula ulna syndrome. If the information is available, the table below includes how often the symptom is seen in people with this condition. You can use the MedlinePlus Medical Dictionary to look up the definitions for these medical terms. Signs and Symptoms Approximate number of patients (when available) Abnormality of the femur 90% Abnormality of the ulna 90% Aplasia/Hypoplasia of the radius 90% Finger syndactyly 90% Micromelia 90% Split hand 90% Abnormality of the elbow 50% Short stature 7.5% The Human Phenotype Ontology (HPO) has collected information on how often a sign or symptom occurs in a condition. Much of this information comes from Orphanet, a European rare disease database. The frequency of a sign or symptom is usually listed as a rough estimate of the percentage of patients who have that feature. The frequency may also be listed as a fraction. The first number of the fraction is how many people had the symptom, and the second number is the total number of people who were examined in one study. For example, a frequency of 25/25 means that in a study of 25 people all patients were found to have that symptom. Because these frequencies are based on a specific study, the fractions may be different if another group of patients are examined. Sometimes, no information on frequency is available. In these cases, the sign or symptom may be rare or common.",GARD,Femur fibula ulna syndrome
85,"What are the signs and symptoms of Blepharospasm? The Human Phenotype Ontology provides the following list of signs and symptoms for Blepharospasm. If the information is available, the table below includes how often the symptom is seen in people with this condition. You can use the MedlinePlus Medical Dictionary to look up the definitions for these medical terms. Signs and Symptoms Approximate number of patients (when available) Blepharospasm - Middle age onset - Sporadic - The Human Phenotype Ontology (HPO) has collected information on how often a sign or symptom occurs in a condition. Much of this information comes from Orphanet, a European rare disease database. The frequency of a sign or symptom is usually listed as a rough estimate of the percentage of patients who have that feature. The frequency may also be listed as a fraction. The first number of the fraction is how many people had the symptom, and the second number is the total number of people who were examined in one study. For example, a frequency of 25/25 means that in a study of 25 people all patients were found to have that symptom. Because these frequencies are based on a specific study, the fractions may be different if another group of patients are examined. Sometimes, no information on frequency is available. In these cases, the sign or symptom may be rare or common.",GARD,Blepharospasm
86,"What are the signs and symptoms of Denys-Drash syndrome? The Human Phenotype Ontology provides the following list of signs and symptoms for Denys-Drash syndrome. If the information is available, the table below includes how often the symptom is seen in people with this condition. You can use the MedlinePlus Medical Dictionary to look up the definitions for these medical terms. Signs and Symptoms Approximate number of patients (when available) Male pseudohermaphroditism 90% Nephroblastoma (Wilms tumor) 90% Nephropathy 90% Nephrotic syndrome 90% Proteinuria 90% Hypertension 50% Gonadal dysgenesis 7.5% Ambiguous genitalia, female - Ambiguous genitalia, male - Autosomal dominant inheritance - Congenital diaphragmatic hernia - Diffuse mesangial sclerosis - Focal segmental glomerulosclerosis - Gonadal tissue inappropriate for external genitalia or chromosomal sex - Ovarian gonadoblastoma - Somatic mutation - Stage 5 chronic kidney disease - True hermaphroditism - The Human Phenotype Ontology (HPO) has collected information on how often a sign or symptom occurs in a condition. Much of this information comes from Orphanet, a European rare disease database. The frequency of a sign or symptom is usually listed as a rough estimate of the percentage of patients who have that feature. The frequency may also be listed as a fraction. The first number of the fraction is how many people had the symptom, and the second number is the total number of people who were examined in one study. For example, a frequency of 25/25 means that in a study of 25 people all patients were found to have that symptom. Because these frequencies are based on a specific study, the fractions may be different if another group of patients are examined. Sometimes, no information on frequency is available. In these cases, the sign or symptom may be rare or common.",GARD,Denys-Drash syndrome
87,"Chromosome 2q deletion is a chromosome abnormality that occurs when there is a missing copy of the genetic material located on the long arm (q) of chromosome 2. The severity of the condition and the signs and symptoms depend on the size and location of the deletion and which genes are involved. Features that often occur in people with chromosome 2q deletion include developmental delay, intellectual disability, behavioral problems, and distinctive facial features. Most cases are not inherited, but people can pass the deletion on to their children. Treatment is based on the signs and symptoms present in each person.",GARD,Chromosome 2q deletion
88,"Anthelminthic medications (drugs that rid the body of parasitic worms), such as albendazole and mebendazole, are the drugs of choice for treatment of Ascaris infections. Infections are generally treated for 1-3 days. The drugs are effective and appear to have few side effects.
    
More on: Resources for Health Professionals: Treatment",CDC,Parasites - Ascariasis
89,"A lice-killing lotion containing 1% permethrin or a mousse containing pyrethrins and piperonyl butoxide can be used to treat pubic (""crab"") lice. These products are available over-the-counter without a prescription at a local drug store or pharmacy. These medications are safe and effective when used exactly according to the instructions in the package or on the label. 
    
Lindane shampoo is a prescription medication that can kill lice and lice eggs. However, lindane is not recommended as a first-line therapy. Lindane can be toxic to the brain and other parts of the nervous system; its use should be restricted to patients who have failed treatment with or cannot tolerate other medications that pose less risk. Lindane should not be used to treat premature infants, persons with a seizure disorder, women who are pregnant or breast-feeding, persons who have very irritated skin or sores where the lindane will be applied, infants, children, the elderly, and persons who weigh less than 110 pounds. 
    
Malathion* lotion 0.5% (Ovide*) is a prescription medication that can kill lice and some lice eggs; however, malathion lotion (Ovide*) currently has not been approved by the U.S. Food and Drug Administration (FDA) for treatment of pubic (""crab"") lice. 
    
Both topical and oral ivermectin have been used successfully to treat lice; however, only topical ivermectin lotion currently is approved by the U.S. Food and Drug Administration (FDA) for treatment of lice. Oral ivermectin is not FDA-approved for treatment of lice. 
    
How to treat pubic lice infestations: (Warning: See special instructions for treatment of lice and nits on eyebrows or eyelashes. The lice medications described in this section should not be used near the eyes.) 
    
   
   
    
    - Wash the infested area; towel dry. 
    - Carefully follow the instructions in the package or on the label. Thoroughly saturate the pubic hair and other infested areas with lice medication. Leave medication on hair for the time recommended in the instructions. After waiting the recommended time, remove the medication by following carefully the instructions on the label or in the box. 
    - Following treatment, most nits will still be attached to hair shafts. Nits may be removed with fingernails or by using a fine-toothed comb. 
    - Put on clean underwear and clothing after treatment. 
    - To kill any lice or nits remaining on clothing, towels, or bedding, machine-wash and machine-dry those items that the infested person used during the 2–3 days before treatment. Use hot water (at least 130°F) and the hot dryer cycle. 
    - Items that cannot be laundered can be dry-cleaned or stored in a sealed plastic bag for 2 weeks. 
    - All sex partners from within the previous month should be informed that they are at risk for infestation and should be treated. 
    - Persons should avoid sexual contact with their sex partner(s) until both they and their partners have been successfully treated and reevaluated to rule out persistent infestation. 
    - Repeat treatment in 9–10 days if live lice are still found. 
    - Persons with pubic lice should be evaluated for other sexually transmitted diseases (STDs). 
    
   
Special instructions for treatment of lice and nits found on eyebrows or eyelashes: 
    
    - If only a few live lice and nits are present, it may be possible to remove these with fingernails or a nit comb. 
    - If additional treatment is needed for lice or nits on the eyelashes, careful application of ophthalmic-grade petrolatum ointment (only available by prescription) to the eyelid margins 2–4 times a day for 10 days is effective. Regular petrolatum (e.g., Vaseline)* should not be used because it can irritate the eyes if applied. 
    
   
*Use of trade names is for identification purposes only and does not imply endorsement by the Public Health Service or by the U.S. Department of Health and Human Services. 
    
   
This information is not meant to be used for self-diagnosis or as a substitute for consultation with a health care provider. If you have any questions about the parasites described above or think that you may have a parasitic infection, consult a health care provider.",CDC,"Parasites - Lice - Pubic ""Crab"" Lice"
90,"Risk Factors
    
The people most likely to be infected with pinworm are children under 18, people who take care of infected children and people who are institutionalized. In these groups, the prevalence can reach 50%.
    
Pinworm is the most common worm infection in the United States. Humans are the only species that can transfer this parasite. Household pets like dogs and cats cannot become infected with human pinworms. Pinworm eggs can survive in the indoor environment for 2 to 3 weeks.
    Epidemiology
    
Pinworm infections are more common within families with school-aged children, in primary caregivers of infected children, and in institutionalized children.
    
A person is infected with pinworms by ingesting pinworm eggs either directly or indirectly. These eggs are deposited around the anus by the worm and can be carried to common surfaces such as hands, toys, bedding, clothing, and toilet seats. By putting anyone’s contaminated hands (including one’s own) around the mouth area or putting one’s mouth on common contaminated surfaces, a person can ingest pinworm eggs and become infected with the pinworm parasite. Since pinworm eggs are so small, it is possible to ingest them while breathing.
    
Once someone has ingested pinworm eggs, there is an incubation period of 1 to 2 months or longer for the adult gravid female to mature in the small intestine. Once mature, the adult female worm migrates to the colon and lays eggs around the anus at night, when many of their hosts are asleep. People who are infected with pinworm can transfer the parasite to others for as long as there is a female pinworm depositing eggs on the perianal skin. A person can also re-infect themselves, or be re-infected by eggs from another person.",CDC,Parasites - Enterobiasis (also known as Pinworm Infection)
91,"Angiostrongylus cantonensis
    
Angiostrongylus cantonensis, also known as the rat lungworm, is a parasitic nematode (worm) that is transmitted between rats and mollusks (such as slugs or snails) in its natural life cycle. Other animals that become infected such as freshwater shrimp, land crabs, frogs, and planarians of the genus Platydemus, are transport hosts that are not required for reproduction of the parasite but might be able to transmit infection to humans if eaten raw or undercooked. Humans are accidental hosts who do not transmit infection to others. Most cases of infection are diagnosed in Southeast Asia and the Pacific Basin, but the parasite has also been found in Australia, some areas of Africa, the Caribbean, Hawaii and Louisiana. Outbreaks of human angiostrongyliasis have involved a few to hundreds of persons; over 2,800 cases have been reported in the literature from approximately 30 countries. It is likely that the parasite has been spread by rats transported on ships and by the introduction of mollusks such as the giant African land snail (Achatina fulica). In addition, the semi-slug, Parmarion martensi (native of Southeast Asia)has spread in regions of Hawaii and is found to often be infected with A. cantonensis, and the freshwater snail Pomacea canaliculata (native of South America) has been introduced into Taiwan and China and has been implicated in outbreaks of disease in those countries.
    
Risk factors for infection with A. cantonensis include the ingestion of raw or undercooked infected snails or slugs; or pieces of snails and slugs accidentally chopped up in vegetables, vegetable juices, or salads; or foods contaminated by the slime of infected snails or slugs. It is possible that ingestion of raw or undercooked transport hosts (freshwater shrimp, land crabs, frogs, etc. ) can result in human infection, though this is less certain. In addition, contamination of the hands during the preparation of uncooked infected snails or slugs could lead to ingestion of the parasite.
    
     
    Angiostrongylus costaricensis
    
Angiostrongylus costaricensis is a parasitic nematode (worm) that resides in rodents and uses mollusks, such as slugs, as an intermediate host. Rats, such as the cotton rat, transmit the larvae through their feces. Slugs then ingest the larvae. Humans are accidental hosts of the parasite. The parasite is not able to complete its life cycle in humans and eventually dies in the abdomen. Human infection principally occurs in Latin America and the Caribbean, with a few cases suspected in the United States and in the Republic of Congo. The organism is also found in animals in the Southern U.S. (Texas).
    
Risk factors for infection with A. costaricensis are not well established but are likely to be ingestion of infected slugs or raw vegetables or vegetable juices contaminated with slugs or their slime, which can contain A. costaricensis larvae. The infection of transport hosts, which are not essential to the lifecycle of the parasite, has not been identified and any role in human infection is not known, in contrast to A. cantonensis. Some reports have shown the case rate to be higher in children 6 to 12 years of age, males, and in persons of higher socioeconomic status. There has been one food-related outbreak in Guatemala that affected primarily adults.",CDC,Parasites - Angiostrongyliasis (also known as Angiostrongylus Infection)
92,"Due to the small number of HPS cases, the ""incubation time"" is not positively known. However, on the basis of limited information, it appears that symptoms may develop between 1 and 5 weeks after exposure to fresh urine, droppings, or saliva of infected rodents.
  Early Symptoms
  
    
   
Early symptoms include fatigue, fever and muscle aches, especially in the large muscle groups—thighs, hips, back, and sometimes shoulders. These symptoms are universal.
   
There may also be headaches, dizziness, chills, and abdominal problems, such as nausea, vomiting, diarrhea, and abdominal pain. About half of all HPS patients experience these symptoms.
  
  Late Symptoms
  
    
   
Four to 10 days after the initial phase of illness, the late symptoms of HPS appear. These include coughing and shortness of breath, with the sensation of, as one survivor put it, a ""...tight band around my chest and a pillow over my face"" as the lungs fill with fluid.
  
  Is the Disease Fatal?
  
Yes. HPS can be fatal. It has a mortality rate of 38%.",CDC,Hantavirus
93,"A body lice infestation is treated by improving the personal hygiene of the infested person, including assuring a regular (at least weekly) change of clean clothes. Clothing, bedding, and towels used by the infested person should be laundered using hot water (at least 130°F) and machine dried using the hot cycle.
    
Sometimes the infested person also is treated with a pediculicide, a medicine that can kill lice; however, a pediculicide generally is not necessary if hygiene is maintained and items are laundered appropriately at least once a week. A pediculicide should be applied exactly as directed on the bottle or by your physician.
    
If you choose to treat, guidelines for the choice of the pediculicide are the same as for head lice.
    
More on: Head Lice Treatment",CDC,Parasites - Lice - Body Lice
94,"Marine toxins are naturally occurring chemicals that can contaminate certain seafood. The seafood contaminated with these chemicals frequently looks, smells, and tastes normal. When humans eat such seafood, disease can result.",CDC,Marine Toxins
95,"Supportive therapy is important in CHHF. This includes: 
    
    - maintenance of hydration 
    - management of shock 
    - sedation 
    - pain relief 
    - usual precautions for patients with bleeding disorders 
    - transfusions (when necessary) 
    
   
Use of convalescent plasma therapy for treatment of AHF reduces mortality significantly and anecdotal evidence shows that the antiviral drug ribavirin may also hold promise for treating AHF. Ribavirin has also been considered for preventing development of disease in people exposed to other arenaviruses. 
   Recovery 
   
The precise mortality of CHHF is unknown and the only described case was fatal. 
   
Patients who have suffered from other arenaviruses may continue to excrete virus in urine or semen for weeks after recovery. For this reason, these fluids should be monitored for infectivity, since convalescent patients have the potential to infect others (particularly sexual partners) via these fluids.",CDC,Chapare Hemorrhagic Fever (CHHF)
96,"There are many different species of hookworms, some are human parasites and some are animal parasites. People can be infected by larvae of animal hookworms, usually dog and cat hookworms. The most common result of animal hookworm infection is a skin condition called cutaneous larva migrans.",CDC,Parasites - Zoonotic Hookworm
97,"Effective treatments are available. People who do not have any symptoms or signs of babesiosis usually do not need to be treated.
    
Before considering treatment, the first step is to make sure the diagnosis is correct.
    
For more information, people should talk to their health care provider.
    
More on: Resources for Health Professionals: Treatment",CDC,Parasites - Babesiosis
98,"To prevent cysticercosis, the following precautions should be taken:
    
     - Wash your hands with soap and warm water after using the toilet, changing diapers, and before handling food
     - Teach children the importance of washing hands to prevent infection
     - Wash and peel all raw vegetables and fruits before eating
     - Use good food and water safety practices while traveling in developing countries such as: 
      
       - Drink only bottled or boiled (1 minute) water or carbonated (bubbly) drinks in cans or bottles
       - Filter unsafe water through an ""absolute 1 micron or less"" filter AND dissolve iodine tablets in the filtered water; ""absolute 1 micron"" filters can be found in camping and outdoor supply stores
      
    
    
More on: Handwashing
    
More on: Food and Water Safety",CDC,Parasites - Cysticercosis
99,"Anthelminthic medications (drugs that rid the body of parasitic worms), such as albendazole and mebendazole, are the drugs of choice for treatment. Infections are generally treated for 3 days. The recommended medications are effective. Health care providers may decide to repeat a stool exam after treatment. Iron supplements may also be prescribed if the infected person suffers from anemia.
    
More on: Resources for Health Professionals: Treatment",CDC,Parasites - Trichuriasis (also known as Whipworm Infection)
100,Frequently Asked Queestions (FAQs),CDC,Parasites - African Trypanosomiasis (also known as Sleeping Sickness)
101,"Baylisascaris infection can be prevented by avoiding contact with raccoons and their feces. Washing your hands after working or playing outdoors is good practice for preventing a number of diseases.
    
Do not keep, feed, or adopt wild animals, including raccoons, as pets. Infection rarely causes symptoms in raccoons, so you cannot tell if a raccoon is infected by observing its behavior. Roundworm eggs passed in the feces of infected raccoons are not visible to the naked eye. Eggs can only be seen using a microscope.
    
     
    
    
You may discourage raccoons from living in and around your home or parks by taking these steps:
    
     - prevent access to food
     - keep trash containers tightly closed
     - close off access to attics and basements
     - keep sandboxes covered when not in use (raccoons may use sandboxes as a latrine)
     - remove fish ponds -- they eat the fish and drink the water
     - eliminate water sources
     - remove bird feeders
     - clear brush so raccoons are not likely to make a den on your property
    
    
Stay away from areas and materials that might be contaminated by raccoon feces. Raccoons typically defecate at the base of or in raised forks of trees, or on raised horizontal surfaces such as fallen logs, stumps, or large rocks. Raccoon feces also can be found on woodpiles, decks, rooftops, and in attics, garages, and haylofts. Feces usually are dark and tubular, have a pungent odor (usually worse than dog or cat feces), and often contain undigested seeds or other food items.
    
If you have found a raccoon latrine near your home, cleaning the area may prevent possible infection. Newly deposited eggs take at least 2-4 weeks to become infective. Prompt removal and destruction of raccoon feces will reduce risk for exposure and possible infection.
    
More on: Raccoon Latrine Clean-up [PDF, 111 KB, 1 page]
    
     
    
    
If you choose to clean the site yourself, care should be taken to avoid contaminating hands and clothes.
    
     - Wear disposable gloves to help prevent cross contamination.
     - Wear a N95-rated respirator if working in a confined space to prevent accidental ingestion of eggs or other harmful materials.
     - Avoid stirring up dust and debris- you can lightly mist the latrine area with a little water from a spray bottle to reduce the amount of dust.
     - Wear rubber boots that can be scrubbed or cover your shoes with disposable booties that can be thrown away, so that you do not bring eggs into your household.
     - Feces and material contaminated with raccoon feces should be removed and burned, buried, or sent to a landfill.
     - Most chemicals do not kill roundworm eggs; however, heat kills the eggs instantly.
     - Treat feces-soiled decks, patios, and other surfaces with boiling water or a propane torch (please contact your local fire department for regulations and safety practices).
    
    
To help further reduce the risk of possible infection, wash your hands well with soap and warm running water. Clean/launder your clothes thoroughly with hot water and detergent.
    
More on: Handwashing
    
If you are cleaning an indoor raccoon latrine and are not able to use a propane torch, use a damp (but not wet) sponge to wipe the area with hot soapy water. Rinse your sponge frequently. After you are finished, flush dirty water down the toilet. Place the sponge in a plastic bag and put the plastic bag in the garbage.
    
Contact your local animal control office for additional assistance.
    Dogs
    
Dogs may be infected with adult B. procyonis roundworms, but may not show symptoms. Have all pets de-wormed under a veterinarian's supervision and take precautions to avoid contact with their feces.
    Exotic pets
    
Raccoons and dogs are not the only hosts of Baylisascaris. B. procyonis infection has also been documented in kinkajous. Other animals such as coatis may be susceptible. When wild animals are kept as pets, there can be a risk of disease transmission to humans.",CDC,Parasites - Baylisascaris infection
102,"Frequently Asked Questions (FAQs)
    
Cystic echinococcosis (CE) disease results from being infected with the larval stage of Echinococcus granulosus, a tiny tapeworm (~2-7 millimeters in length) found in dogs (definitive host), sheep, cattle, goats, foxes, and pigs, amongst others (intermediate hosts). Most infections in humans are asymptomatic, but CE, also known as hydatid disease, causes slowly enlarging masses, most commonly in the liver and the lungs. Treatment can involve both medication and surgery.
    
More on: Cystic Echinococcosis (CE) FAQs
    
Alveolar echinococcosis (AE) disease results from being infected with the larval stage of Echinococcus multilocularis, a tiny tapeworm (~1-4 millimeters in length) found in foxes, coyotes, dogs, and cats (definitive hosts). Although human cases are rare, infection in humans causes parasitic tumors to form in the liver, and, less commonly, the lungs, brain, and other organs. If left untreated, infection with AE can be fatal.
    
More on: Alveolar Echinococcosis (AE) FAQs",CDC,Parasites - Echinococcosis
103,"Cystic echinococcosis is controlled by preventing transmission of the parasite. Prevention measures include limiting the areas where dogs are allowed and preventing animals from consuming meat infected with cysts.
    
     - Prevent dogs from feeding on the carcasses of infected sheep.
     - Control stray dog populations.
     - Restrict home slaughter of sheep and other livestock.
     - Do not consume any food or water that may have been contaminated by fecal matter from dogs.
     - Wash your hands with soap and warm water after handling dogs, and before handling food.
     - Teach children the importance of washing hands to prevent infection.
    
    
Alveolar echinococcosis can be prevented by avoiding contact with wild animals such as foxes, coyotes, and dogs and their fecal matter and by limiting the interactions between dogs and rodent populations.
    
     - Do not allow dogs to feed on rodents and other wild animals.
     - Avoid contact with wild animals such as foxes, coyotes and stray dogs.
     - Do not encourage wild animals to come close to your home or keep them as pets.
     - Wash your hands with soap and warm water after handling dogs or cats, and before handling food.
     - Teach children the importance of washing hands to prevent infection.
    
    
More on: Handwashing",CDC,Parasites - Echinococcosis
104,"In the United States, Q fever outbreaks have resulted mainly from occupational exposure involving veterinarians, meat processing plant workers, sheep and dairy workers, livestock farmers, and researchers at facilities housing sheep. Prevention and control efforts should be directed primarily toward these groups and environments. 
 
The following measures should be used in the prevention and control of Q fever: 
  
  - Educate the public on sources of infection.  
  - Appropriately dispose of placenta, birth products, fetal membranes, and aborted fetuses at facilities housing sheep and goats.  
  - Restrict access to barns and laboratories used in housing potentially infected animals.   
  - Use appropriate procedures for bagging, autoclaving, and washing of laboratory clothing.  
  - Vaccinate (where possible) individuals engaged in research with pregnant sheep or live C. burnetii.  
  - Quarantine imported animals.  
  - Ensure that holding facilities for sheep should be located away from populated areas. Animals should be routinely tested for antibodies to C. burnetii, and measures should be implemented to prevent airflow to other occupied areas.  
  - Counsel persons at highest risk for developing chronic Q fever, especially persons with pre-existing cardiac valvular disease or individuals with vascular grafts.  
  
 
A vaccine for Q fever has been developed and has successfully protected humans in occupational settings in Australia. However, this vaccine is not commercially available in the United States. Persons wishing to be vaccinated should first have a skin test to determine a history of previous exposure. Individuals who have previously been exposed to C. burnetii should not receive the vaccine because severe reactions, localized to the area of the injected vaccine, may occur. A vaccine for use in animals has also been developed, but it is not available in the United States. 
 Significance for Bioterrorism 
 
Coxiella burnetii is a highly infectious agent that is rather resistant to heat and drying. It can become airborne and inhaled by humans. A single C. burnetii organism may cause disease in a susceptible person. This agent has a past history of being developed for use in biological warfare and is considered a potential terrorist threat.",CDC,Q Fever
105,"Physicians may consider the diagnosis if the patient's history and physical examination suggest botulism. However, these clues are usually not enough to allow a diagnosis of botulism. Other diseases such as Guillain-Barré syndrome, stroke, and myasthenia gravis can appear similar to botulism, and special tests may be needed to exclude these other conditions. These tests may include a brain scan, spinal fluid examination, nerve conduction test (electromyography, or EMG), and a tensilon test for myasthenia gravis. Tests for botulinum toxin and for bacteria that cause botulism can be performed at some state health department laboratories and at CDC.",CDC,Botulism
106,"General Guidelines 
   
Treatment for head lice is recommended for persons diagnosed with an active infestation. All household members and other close contacts should be checked; those persons with evidence of an active infestation should be treated. Some experts believe prophylactic treatment is prudent for persons who share the same bed with actively-infested individuals. All infested persons (household members and close contacts) and their bedmates should be treated at the same time. 
   
Some pediculicides (medicines that kill lice) have an ovicidal effect (kill eggs). For pediculicides that are only weakly ovicidal or not ovicidal, routine retreatment is recommended. For those that are more strongly ovicidal, retreatment is recommended only if live (crawling) lice are still present several days after treatment (see recommendation for each medication). To be most effective, retreatment should occur after all eggs have hatched but before new eggs are produced. 
   
When treating head lice, supplemental measures can be combined with recommended medicine (pharmacologic treatment); however, such additional (non-pharmacologic) measures generally are not required to eliminate a head lice infestation. For example, hats, scarves, pillow cases, bedding, clothing, and towels worn or used by the infested person in the 2-day period just before treatment is started can be machine washed and dried using the hot water and hot air cycles because lice and eggs are killed by exposure for 5 minutes to temperatures greater than 53.5°C (128.3°F). Items that cannot be laundered may be dry-cleaned or sealed in a plastic bag for two weeks. Items such as hats, grooming aids, and towels that come in contact with the hair of an infested person should not be shared. Vacuuming furniture and floors can remove an infested person's hairs that might have viable nits attached. 
     
   
Treatment of the infested person(s): Requires using an Over-the-counter (OTC) or prescription medication. Follow these treatment steps: 
    
    - Before applying treatment, it may be helpful to remove clothing that can become wet or stained during treatment. 
    - Apply lice medicine, also called pediculicide, according to the instructions contained in the box or printed on the label. If the infested person has very long hair (longer than shoulder length), it may be necessary to use a second bottle. Pay special attention to instructions on the label or in the box regarding how long the medication should be left on the hair and how it should be washed out.
 
       
       
        
       
       
    - Have the infested person put on clean clothing after treatment. 
    - If a few live lice are still found 8–12 hours after treatment, but are moving more slowly than before, do not retreat. The medicine may take longer to kill all the lice. Comb dead and any remaining live lice out of the hair using a fine–toothed nit comb. 
    - If, after 8–12 hours of treatment, no dead lice are found and lice seem as active as before, the medicine may not be working. Do not retreat until speaking with your health care provider; a different pediculicide may be necessary. If your health care provider recommends a different pediculicide, carefully follow the treatment instructions contained in the box or printed on the label. 
    - Nit (head lice egg) combs, often found in lice medicine packages, should be used to comb nits and lice from the hair shaft. Many flea combs made for cats and dogs are also effective. 
    - After each treatment, checking the hair and combing with a nit comb to remove nits and lice every 2–3 days may decrease the chance of self–reinfestation. Continue to check for 2–3 weeks to be sure all lice and nits are gone. Nit removal is not needed when treating with spinosad topical suspension. 
    - Retreatment is meant to kill any surviving hatched lice before they produce new eggs. For some drugs, retreatment is recommended routinely about a week after the first treatment (7–9 days, depending on the drug) and for others only if crawling lice are seen during this period. Retreatment with lindane shampoo is not recommended. 
    
     
   
Supplemental Measures: Head lice do not survive long if they fall off a person and cannot feed. You don't need to spend a lot of time or money on housecleaning activities. Follow these steps to help avoid re–infestation by lice that have recently fallen off the hair or crawled onto clothing or furniture. 
    
    -  
Machine wash and dry clothing, bed linens, and other items that the infested person wore or used during the 2 days before treatment using the hot water (130°F) laundry cycle and the high heat drying cycle. Clothing and items that are not washable can be dry–cleaned 
OR 
sealed in a plastic bag and stored for 2 weeks.  
    - Soak combs and brushes in hot water (at least 130°F) for 5–10 minutes. 
    - Vacuum the floor and furniture, particularly where the infested person sat or lay. However, the risk of getting infested by a louse that has fallen onto a rug or carpet or furniture is very low. Head lice survive less than 1–2 days if they fall off a person and cannot feed; nits cannot hatch and usually die within a week if they are not kept at the same temperature as that found close to the human scalp. Spending much time and money on housecleaning activities is not necessary to avoid reinfestation by lice or nits that may have fallen off the head or crawled onto furniture or clothing. 
    - Do not use fumigant sprays; they can be toxic if inhaled or absorbed through the skin. 
    
   
 
     
   
Prevent Reinfestation: 
   
More on: Prevention & Control 
   
 
     
   Over-the-counter Medications 
   
Many head lice medications are available ""over-the-counter"" without a prescription at a local drug store or pharmacy. Each over-the-counter product approved by the FDA for the treatment of head lice contains one of the following active ingredients. If crawling lice are still seen after a full course of treatment contact your health care provider. 
    
    -  
Pyrethrins combined with piperonyl butoxide;
 Brand name products: A–200*, Pronto*, R&C*, Rid*, Triple X*, Licide* 
Pyrethrins are naturally occurring pyrethroid extracts from the chrysanthemum flower. Pyrethrins are safe and effective when used as directed. Pyrethrins can only kill live lice, not unhatched eggs (nits). A second treatment is recommended 9 to 10 days after the first treatment to kill any newly hatched lice before they can produce new eggs. Pyrethrins generally should not be used by persons who are allergic to chrysanthemums or ragweed. Pyrethrin is approved for use on children 2 years of age and older.  
    -  
Permethrin lotion, 1%;
 Brand name product: Nix*. 
Permethrin is a synthetic pyrethroid similar to naturally occurring pyrethrins. Permethrin lotion 1% is approved by the FDA for the treatment of head lice. Permethrin is safe and effective when used as directed. Permethrin kills live lice but not unhatched eggs. Permethrin may continue to kill newly hatched lice for several days after treatment. A second treatment often is necessary on day 9 to kill any newly hatched lice before they can produce new eggs. Permethrin is approved for use on children 2 months of age and older.  
    
   
 
     
   Prescription Medications 
   
The following medications, in alphabetical order, approved by the U.S. Food and Drug Administration (FDA) for the treatment of head lice are available only by prescription. If crawling lice are still seen after a full course of treatment, contact your health care provider. 
    
    -  
Benzyl alcohol lotion, 5%;
 Brand name product: Ulesfia lotion* 
Benzyl alcohol is an aromatic alcohol. Benzyl alcohol lotion, 5% has been approved by the FDA for the treatment of head lice and is considered safe and effective when used as directed. It kills lice but it is not ovicidal(i.e., does not kill lice eggs). A second treatment is needed 9 days after the first treatment to kill any newly hatched lice before they can produce new eggs. Benzyl alcohol lotion is intended for use on persons who are 6 months of age and older and its safety in persons aged more 60 years has not been established. It can be irritating to the skin.  
    -  
Ivermectin lotion, 0.5%;
 Brand name product: Sklice* 
Ivermectin lotion, 0.5% was approved by the FDA in 2012 for treatment of head lice in persons 6 months of age and older. It is not ovicidal, but appears to prevent nymphs (newly hatched lice) from surviving. It is effective in most patients when given as a single application on dry hair without nit combing. It should not be used for retreatment without talking to a healthcare provider. 
Given as a tablet in mass drug administrations, oral ivermectin has been used extensively and safely for over two decades in many countries to treat filarial worm infections. Although not FDA-approved for the treatment of lice, ivermectin tablets given in a single oral dose of 200 micrograms/kg repeated in 10 days or 400 micrograms/kg repeated in 7 days has been shown effective against head lice. It should not be used in children weighing less than 15 kg or in pregnant women.   
    -  
Spinosad 0.9% topical suspension;
 Brand name product: Natroba* 
Spinosad is derived from soil bacteria. Spinosad topical suspension, 0.9%, was approved by the FDA in 2011. Since it kills live lice as well as unhatched eggs, retreatment is usually not needed. Nit combing is not required. Spinosad topical suspension is approved for the treatment of children 6 months of age and older. It is safe and effective when used as directed. Repeat treatment should be given only if live (crawling) lice are seen 7 days after the first treatment.  
    
   
For second–line treatment only: 
    
    -  
Lindane shampoo 1%;
 Brand name products: None available 
Lindane is an organochloride. The American Academy of Pediatrics (AAP) no longer recommends it as a pediculocide. Although lindane shampoo 1% is approved by the FDA for the treatment of head lice, it is not recommended as a first–line treatment. Overuse, misuse, or accidentally swallowing lindane can be toxic to the brain and other parts of the nervous system; its use should be restricted to patients for whom prior treatments have failed or who cannot tolerate other medications that pose less risk. Lindane should not be used to treat premature infants, persons with HIV, a seizure disorder, women who are pregnant or breast–feeding, persons who have very irritated skin or sores where the lindane will be applied, infants, children, the elderly, and persons who weigh less than 110 pounds. Retreatment should be avoided.  
    
   
 
   
When treating head lice 
    
    - Do not use extra amounts of any lice medication unless instructed to do so by your physician or pharmacist. The drugs used to treat lice are insecticides and can be dangerous if they are misused or overused. 
    - All the medications listed above should be kept out of the eyes. If they get onto the eyes, they should be immediately flushed away. 
    - Do not treat an infested person more than 2–3 times with the same medication if it does not seem to be working. This may be caused by using the medicine incorrectly or by resistance to the medicine. Always seek the advice of your health care provider if this should happen. He/she may recommend an alternative medication. 
    - Do not use different head lice drugs at the same time unless instructed to do so by your physician or pharmacist. 
    
   
 
   
*Use of trade names is for identification purposes only and does not imply endorsement by the Public Health Service or by the U.S. Department of Health and Human Services.",CDC,Parasites - Lice - Head Lice
107,"Content on this page was developed during the 2009-2010 H1N1 pandemic and has not been updated. 
    
    - The H1N1 virus that caused that pandemic is now a regular human flu virus and continues to circulate seasonally worldwide. 
    - The English language content on this website is being archived for historic and reference purposes only.  
    
    
   
  General Information 
   
  
Quick Facts for the Public on Antiviral Treatments for 2009 H1N1 (NEW) Nov 23 
  
2009 H1N1 and Seasonal Flu: What You Should Know About Flu Antiviral Drugs (PDF Version) Oct 13 
  
Questions & Answers: Antiviral Drugs, 2009-2010 Flu Season 
  
Questions & Answers: Opening and Mixing Tamiflu® Capsules with Liquids if Child Cannot Swallow Capsules  Nov 16 
  
 Podcast: Take Three Actions to Fight Flu 
  Information for Health Care Professionals 
  
Quick Facts for Clinicians on Antiviral Treatments for 2009 H1N1 Nov 4 
  
Antiviral Recommendations Oct 16 
  
Intravenous Peramivir Oct 24 
  
CDC Podcast: Antiviral Drugs for the 2009-2010 Influenza Season Oct 19 
  
Antiviral Safety Information Nov 3 
  
Pediatric Supplement Recommendations Dec 1 
  
 Information for Pharmacists (including information related to supply of antiviral drugs) Nov 25 
  
 Emergency Use Authorization (EUA) of Medical Products and Devices (including antiviral drugs) 
  
Recommendations for Obstetric Health Care Providers Oct 28 
  
(Video Blog) 2009 H1N1: Who Should Receive Antiviral Therapy? Dec 1 
  
Frontline Questions and Expert Opinion Answers Dec 9",CDC,2009 H1N1 Flu
108,"People who are healthy should follow the guidelines below to reduce risk of toxoplasmosis. If you have a weakened immune system, please see guidelines for Immunocompromised Persons.
   Reduce Risk from Food
   
To prevent risk of toxoplasmosis and other infections from food:
   
    - Freeze meat for several days at sub-zero (0° F) temperatures before cooking to greatly reduce chance of infection.
    - Peel or wash fruits and vegetables thoroughly before eating. 
     
      
     
    - Wash cutting boards, dishes, counters, utensils, and hands with hot soapy water after contact with raw meat, poultry, seafood, or unwashed fruits or vegetables.
   
   
More on: Handwashing
   
The U.S. Government and the meat industry continue their efforts to reduce T. gondii in meat.
   Reduce Risk from the Environment
   
To prevent risk of toxoplasmosis from the environment:
   
    - Avoid drinking untreated drinking water.
    - Wear gloves when gardening and during any contact with soil or sand because it might be contaminated with cat feces that contain Toxoplasma. Wash hands with soap and warm water after gardening or contact with soil or sand.
    - Teach children the importance of washing hands to prevent infection.
    - Keep outdoor sandboxes covered. 
     
      
     
    - Feed cats only canned or dried commercial food or well-cooked table food, not raw or undercooked meats.
    - Change the litter box daily if you own a cat. The Toxoplasma parasite does not become infectious until 1 to 5 days after it is shed in a cat's feces. If you are pregnant or immunocompromised: 
     
      - Avoid changing cat litter if possible. If no one else can perform the task, wear disposable gloves and wash your hands with soap and warm water afterwards.
      - Keep cats indoors.
      - Do not adopt or handle stray cats, especially kittens. Do not get a new cat while you are pregnant.",CDC,Parasites - Toxoplasmosis (Toxoplasma infection)
109,"After an incubation of 9-16 days, infection with Hendra virus can lead to respiratory illness with severe flu-like signs and symptoms. In some cases, illness may progress to encephalitis. 
                
Although infection with Hendra virus is rare, the case fatality is high: 4/7 (57%).",CDC,Hendra Virus Disease (HeV)
110,"The exact cause of mitral valve prolapse (MVP) isn't known. Most people who have the condition are born with it. MVP tends to run in families. Also, it's more common in people who are born with connective tissue disorders, such as Marfan syndrome.
                
In people who have MVP, the mitral valve may be abnormal in the following ways:
                
The valve flaps may be too large and thick.
                
The valve flaps may be ""floppy."" The tissue of the flaps and their supporting ""strings"" are too stretchy, and parts of the valve flop or bulge back into the atrium.
                
The opening of the valve may stretch.
                
These problems can keep the valve from making a tight seal. Some people's valves are abnormal in more than one way.",NHLBI,Mitral Valve Prolapse
111,"Treatment forcoronary heart disease (CHD) usually is the same for both women and men. Treatment may include lifestyle changes, medicines, medical and surgical procedures, andcardiac rehabilitation(rehab).
                
The goals of treatment are to:
                
Relieve symptoms.
                
Reduce risk factors in an effort to slow, stop, or reverse the buildup of plaque.
                
Lower the risk of blood clots forming. (Blood clots can cause aheart attack.)
                
Widen or bypass plaque-clogged coronary (heart) arteries.
                
Prevent CHD complications.
                
Lifestyle Changes
                
Making lifestyle changes can help prevent or treat CHD. These changes may be the only treatment that some people need.
                
Quit Smoking
                
If you smoke or use tobacco, try to quit. Smoking can raise your risk for CHD and heart attack and worsen other CHD risk factors. Talk with your doctor about programs and products that can help you quit. Also, try to avoid secondhand smoke.
                
If you find it hard to quit smoking on your own, consider joining a support group. Many hospitals, workplaces, and community groups offer classes to help people quit smoking.
                
For more information about how to quit smoking, go to the Health Topics Smoking and Your Heart article and the National Heart, Lung, and Blood Institute's (NHLBI's) ""Your Guide to a Healthy Heart.""
                
Follow a Healthy Diet
                
A healthy diet is an important part of a healthy lifestyle. A healthy diet includes a variety of vegetables and fruits. These foods can be fresh, canned, frozen, or dried. A good rule is to try to fill half of your plate with vegetables and fruits.
                
A healthy diet also includes whole grains, fat-free or low-fat dairy products, and protein foods, such as lean meats, poultry without skin, seafood, processed soy products, nuts, seeds, beans, and peas.
                
Choose and prepare foods with little sodium (salt). Too much salt can raise your risk for high blood pressure. Studies show that following the Dietary Approaches to Stop Hypertension (DASH) eating plan can lower blood pressure.
                
Try to avoid foods and drinks that are high in added sugars. For example, drink water instead of sugary drinks, like soda.
                
Also, try to limit the amount of solid fats and refined grains that you eat. Solid fats are saturated fat and trans fatty acids. Refined grains come from processing whole grains, which results in a loss of nutrients (such as dietary fiber).
                
If you drink alcohol, do so in moderation. Research suggests that regularly drinking small to moderate amounts of alcohol may lower the risk of CHD. Women should have no more than one alcoholic drink a day.
                
One drink a day can lower your CHD risk by raising your HDL cholesterol level. One drink is a glass of wine, beer, or a small amount of hard liquor.
                
If you don't drink, this isn't a recommendation to start using alcohol. Also, you shouldn't drink if you're pregnant, if you're planning to become pregnant, or if you have another health condition that could make alcohol use harmful.
                
Too much alcohol can cause you to gain weight and raise your blood pressure and triglyceride level. In women, even one drink a day may raise the risk of certain types of cancer.
                
For more information about following a healthy diet, go to the NHLBI's ""Your Guide to Lowering Your Blood Pressure With DASH"" and the U.S. Department of Agriculture's ChooseMyPlate.gov Web site. Both resources provide general information about healthy eating.
                
Be Physically Active
                
Regular physical activity can lower many CHD risk factors, including high LDL cholesterol,high blood pressure, and excess weight.
                
Physical activity also can lower your risk for diabetes and raise your HDL cholesterol level. (HDL cholesterol helps remove cholesterol from your arteries.)
                
Talk with your doctor before you start a new exercise plan. Ask him or her how much and what kinds of physical activity are safe for you.
                
People gain health benefits from as little as 60 minutes of moderate-intensity aerobic activity per week. Walking is an excellent heart healthy exercise. The more active you are, the more you will benefit.
                
For more information about physical activity, go to the U.S. Department of Health and Human Services' ""2008 Physical Activity Guidelines for Americans,"" the Health Topics Physical Activity and Your Heart article, and the NHLBI's ""Your Guide to Physical Activity and Your Heart.""
                
Maintain a Healthy Weight
                
Overweight and obesity are risk factors for CHD. If you're overweight or obese, try to lose weight. Cut back your calorie intake and do more physical activity. Eat smaller portions and choose lower calorie foods. Your health care provider may refer you to a dietitian to help you manage your weight.
                
A BMI of less than 25 and a waist circumference of 35 inches or less is the goal for preventing and treating CHD. BMI measures your weight in relation to your height and gives an estimate of your total body fat. You can use the NHLBI's online BMI calculator to figure out your BMI, or your doctor can help you.
                
To measure your waist, stand and place a tape measure around your middle, just above your hipbones. Measure your waist just after you breathe out. Make sure the tape is snug but doesn't squeeze the flesh.
                
For more information about losing weight or maintaining a healthy weight, go to the NHLBI's Aim for a Healthy Weight Web site.
                
Stress and Depression
                
Research shows that getting upset or angry can trigger a heart attack. Also, some of the ways people cope with stresssuch as drinking, smoking, or overeatingaren't heart healthy.
                
Learning how to manage stress, relax, and cope with problems can improve your emotional and physical health.
                
Having supportive people in your life with whom you can share your feelings or concerns can help relieve stress. Physical activity, yoga, and relaxation therapy also can help relieve stress. You may want to consider taking part in a stress management program.
                
Depression can double or triple your risk for CHD. Depression also makes it hard to maintain a heart healthy lifestyle.
                
Talk with your doctor if you have symptoms of depression, such as feeling hopeless or not taking interest in daily activities. He or she may recommend counseling or prescribe medicines to help you manage the condition.
                
Medicines
                
You may need medicines to treat CHD if lifestyle changes aren't enough. Medicines can help:
                
Reduce your heart's workload and relieve CHD symptoms
                
Decrease your chance of having a heart attack or dying suddenly
                
Lower your LDL cholesterol, blood pressure, and other CHD risk factors
                
Prevent blood clots
                
Prevent or delay the need for a procedure or surgery, such asangioplasty (AN-jee-oh-plas-tee) or coronary artery bypass grafting (CABG)
                
Women who havecoronary microvascular disease and anemiamay benefit from taking medicine to treat the anemia.
                
Women who have broken heart syndrome also may need medicines. Doctors may prescribe medicines to relieve fluid buildup, treat blood pressure problems, prevent blood clots, and manage stress hormones. Most people who have broken heart syndrome make a full recovery within weeks.
                
Take all of your medicines as prescribed. If you have side effects or other problems related to your medicines, tell your doctor. He or she may be able to provide other options.
                
Menopausal Hormone Therapy
                
Recent studies have shown that menopausal hormone therapy (MHT) doesn't prevent CHD. Some studies have even shown that MHT increases women's risk for CHD, stroke, and breast cancer.
                
However, these studies tested MHT on women who had been postmenopausal for at least several years. During that time, they could have already developed CHD.
                
Research is ongoing to see whether MHT helps prevent CHD when taken right when menopause starts. While questions remain, current findings suggest MHT shouldn't routinely be used to prevent or treat CHD.
                
Ask your doctor about other ways to prevent or treat CHD, including lifestyle changes and medicines. For more information about MHT, go to the NHLBI's Postmenopausal Hormone Therapy Web site.
                
Procedures and Surgery
                
You may need a procedure or surgery to treat CHD. Both angioplasty and CABG are used as treatments. You and your doctor can discuss which treatment is right for you.
                
Percutaneous Coronary Intervention
                
Percutaneous coronary intervention (PCI), commonly known as angioplasty (AN-jee-oh-plas-tee), is a nonsurgical procedure that opens blocked or narrowed coronary arteries.
                
A thin, flexible tube with a balloon or other device on the end is threaded through a blood vessel to the narrowed or blocked coronary artery. Once in place, the balloon is inflated to compress the plaque against the wall of the artery. This restores blood flow through the artery.
                
PCI can improve blood flow to your heart and relieve chest pain. A small mesh tube called a stent usually is placed in the artery to help keep it open after the procedure.
                
For more information, go to the Health Topics PCI article.
                
Coronary Artery Bypass Grafting
                
CABG is a type of surgery. During CABG, a surgeon removes arteries or veins from other areas in your body and uses them to bypass (that is, go around) narrowed or blocked coronary arteries.
                
CABG can improve blood flow to your heart, relieve chest pain, and possibly prevent a heart attack.
                
For more information, go to the Health Topics Coronary Artery Bypass Grafting article.
                
Cardiac Rehabilitation
                
Your doctor may prescribe cardiac rehab foranginaor after angioplasty, CABG, or a heart attack. Almost everyone who has CHD can benefit from cardiac rehab.
                
Cardiac rehab is a medically supervised program that can improve the health and well-being of people who have heart problems.
                
The cardiac rehab team may include doctors, nurses, exercise specialists, physical and occupational therapists, dietitians or nutritionists, and psychologists or other mental health specialists.
                
Cardiac rehab has two parts:
                
Exercise training. This part of rehab helps you learn how to exercise safely, strengthen your muscles, and improve your stamina. Your exercise plan will be based on your personal abilities, needs, and interests.
                
Education, counseling, and training. This part of rehab helps you understand your heart condition and find ways to lower your risk for future heart problems. The rehab team will help you learn how to cope with the stress of adjusting to a new lifestyle and with your fears about the future.
                
For more information, go to the Health Topics Cardiac Rehabilitation article.",NHLBI,Heart Disease in Women
112,"Not all heart attacks begin with the sudden, crushing chest pain that often is shown on TV or in the movies. In one study, for example, one-third of the patients who had heart attacks had no chest pain. These patients were more likely to be older, female, or diabetic.
                
The symptoms of a heart attack can vary from person to person. Some people can have few symptoms and are surprised to learn they've had a heart attack. If you've already had a heart attack, your symptoms may not be the same for another one. It is important for you to know the most common symptoms of a heart attack and also remember these facts:
                
Heart attacks can start slowly and cause only mild pain or discomfort. Symptoms can be mild or more intense and sudden. Symptoms also may come and go over several hours.
                
People who have high blood sugar (diabetes) may have no symptoms or very mild ones.
                
The most common symptom, in both men and women, is chest pain or discomfort.
                
Women are somewhat more likely to have shortness of breath, nausea and vomiting, unusual tiredness (sometimes for days), and pain in the back, shoulders, and jaw.
                
Some people don't have symptoms at all. Heart attacks that occur without any symptoms or with very mild symptoms are called silent heart attacks.
                
Most Common Symptoms
                
The most common warning symptoms of a heart attack for both men and women are:
                
Chest pain or discomfort.Most heart attacks involve discomfort in the center or left side of the chest. The discomfort usually lasts for more than a few minutes or goes away and comes back. It can feel like pressure, squeezing, fullness, or pain. It also can feel like heartburn or indigestion. The feeling can be mild or severe.
                
Upper body discomfort.You may feel pain or discomfort in one or both arms, the back, shoulders, neck, jaw, or upper part of the stomach (above the belly button).
                
Shortness of breath.This may be your only symptom, or it may occur before or along with chest pain or discomfort. It can occur when you are resting or doing a little bit of physical activity.
                
The symptoms of angina (an-JI-nuh or AN-juh-nuh) can be similar to the symptoms of a heart attack. Angina is chest pain that occurs in people who have coronary heart disease, usually when they're active. Angina pain usually lasts for only a few minutes and goes away with rest.
                
Chest pain or discomfort that doesn't go away or changes from its usual pattern (for example, occurs more often or while you're resting) can be a sign of a heart attack.
                
All chest pain should be checked by a doctor.
                
Other Common Signs and Symptoms
                
Pay attention to these other possible symptoms of a heart attack:
                
Breaking out in a cold sweat
                
Feeling unusually tired for no reason, sometimes for days (especially if you are a woman)
                
Nausea (feeling sick to the stomach) and vomiting
                
Light-headedness or sudden dizziness
                
Any sudden, new symptoms or a change in the pattern of symptoms you already have (for example, if your symptoms become stronger or last longer than usual)
                
Not everyone having a heart attack has typical symptoms. If you've already had a heart attack, your symptoms may not be the same for another one. However, some people may have a pattern of symptoms that recur.
                
The more signs and symptoms you have, the more likely it is that you're having a heart attack.
                
Quick Action Can Save Your Life: Call 911
                
The signs and symptoms of a heart attack can develop suddenly. However, they also can develop slowlysometimes within hours, days, or weeks of a heart attack.
                
Any time you think you might be having heart attack symptoms or a heart attack, don't ignore it or feel embarrassed to call for help. Call 911 for emergency medical care, even if you are not sure whether you're having a heart attack. Here's why:
                
Acting fast can save your life.
                
An ambulance is the best and safest way to get to the hospital. Emergency medical services (EMS) personnel can check how you are doing and start life-saving medicines and other treatments right away. People who arrive by ambulance often receive faster treatment at the hospital.
                
The 911 operator or EMS technician can give you advice. You might be told to crush or chew an aspirin if you're not allergic, unless there is a medical reason for you not to take one. Aspirin taken during a heart attack can limit the damage to your heart and save your life.
                
Every minute matters. Never delay calling 911 to take aspirin or do anything else you think might help.",NHLBI,Heart Attack
113,"Sleep deficiency, which includes sleep deprivation, affects people of all ages, races, and ethnicities. Certain groups of people may be more likely to be sleep deficient. Examples include people who:
                
Have limited time available for sleep, such as caregivers or people working long hours or more than one job
                
Have schedules that conflict with their internal body clocks, such as shift workers, first responders, teens who have early school schedules, or people who must travel for work
                
Make lifestyle choices that prevent them from getting enough sleep, such as taking medicine to stay awake, abusing alcohol or drugs, or not leaving enough time for sleep
                
Have undiagnosed or untreated medical problems, such as stress, anxiety, or sleep disorders
                
Have medical conditions or take medicines that interfere with sleep
                
Certain medical conditions have been linked to sleep disorders. These conditions include heart failure, heart disease, obesity, diabetes, high blood pressure, stroke or transient ischemic attack (mini-stroke), depression, and attention-deficit hyperactivity disorder (ADHD).
                
If you have or have had one of these conditions, ask your doctor whether you might benefit from a sleep study.
                
A sleep study allows your doctor to measure how much and how well you sleep. It also helps show whether you have sleep problems and how severe they are. For more information, go to the Health Topics Sleep Studies article.
                
If you have a child who is overweight, talk with the doctor about your child's sleep habits.",NHLBI,Sleep Deprivation and Deficiency
114,"People at risk for ARDS have a condition or illness that can directly or indirectly injure their lungs.
                
Direct Lung Injury
                
Conditions that can directly injure the lungs include:
                
Pneumonia. This is an infection in the lungs.
                
Breathing in harmful fumes or smoke.
                
Inhaling vomited stomach contents from the mouth.
                
Using a ventilator. This is a machine that helps people breathe; rarely, it can injure the lungs.
                
Nearly drowning.
                
Indirect Lung Injury
                
Conditions that can indirectly injure the lungs include:
                
Sepsis. This is a condition in which bacteria infect the bloodstream.
                
Severe bleeding caused by an injury to the body or having many blood transfusions.
                
An injury to the chest or head, such as a severe blow.
                
Pancreatitis (PAN-kre-a-TI-tis). This is a condition in which the pancreas becomes irritated or infected. The pancreas is a gland that releases enzymes and hormones.
                
Fat embolism (EM-bo-lizm). This is a condition in which fat blocks an artery. A physical injury, like a broken bone, can lead to a fat embolism.
                
Drug reaction.",NHLBI,ARDS
115,"Most people who have narcolepsy have low levels of hypocretin. This is a chemical in the brain that helps promote wakefulness. What causes low hypocretin levels isn't well understood.
                
Researchers think that certain factors may work together to cause a lack of hypocretin. These factors may include:
                
Heredity. Some people may inherit a gene that affects hypocretin. Up to 10 percent of people who have narcolepsy report having a relative who has the same symptoms.
                
Infections.
                
Brain injuries caused by conditions such as brain tumors, strokes, or trauma (for example, car accidents or military-related wounds).
                
Autoimmune disorders. With these disorders, the body's immune system mistakenly attacks the body's cells and tissues. An example of an autoimmune disorder is rheumatoid arthritis.
                
Low levels of histamine, a substance in the blood that promotes wakefulness.
                
Some research suggests that environmental toxins may play a role in triggering narcolepsy. Toxins may include heavy metals, pesticides and weed killers, and secondhand smoke.
                
Heredity alone doesn't cause narcolepsy. You also must have at least one other factor, such as one of those listed above, to develop narcolepsy.",NHLBI,Narcolepsy
116,"Bronchiectasis (brong-ke-EK-ta-sis) is a condition in which damage to the airways causes them to widen and become flabby and scarred. The airways are tubes that carry air in and out of your lungs.
                
Bronchiectasis usually is the result of an infection or other condition that injures the walls of your airways or prevents the airways from clearing mucus. Mucus is a slimy substance that the airways produce to help remove inhaled dust, bacteria, and other small particles.
                
In bronchiectasis, your airways slowly lose their ability to clear out mucus. When mucus can't be cleared, it builds up and creates an environment in which bacteria can grow. This leads to repeated, serious lung infections.
                
Each infection causes more damage to your airways. Over time, the airways lose their ability to move air in and out. This can prevent enough oxygen from reaching your vital organs.
                
Bronchiectasis can lead to serious health problems, such as respiratory failure, atelectasis (at-eh-LEK-tah-sis), and heart failure.
                
Bronchiectasis
                

                
Overview
                
Bronchiectasis can affect just one section of one of your lungs or many sections of both lungs.
                
The initial lung damage that leads to bronchiectasis often begins in childhood. However, symptoms may not occur until months or even years after you start having repeated lung infections.
                
In the United States, common childhood infectionssuch as whooping cough and measlesused to cause many cases of bronchiectasis. However, these causes are now less common because of vaccines and antibiotics.
                
Now bronchiectasis usually is due to a medical condition that injures the airway walls or prevents the airways from clearing mucus. Examples of such conditions include cystic fibrosis and primary ciliary (SIL-e-ar-e) dyskinesia (dis-kih-NE-ze-ah), or PCD.
                
Bronchiectasis that affects only one part of the lung may be caused by a blockage rather than a medical condition.
                
Bronchiectasis can be congenital (kon-JEN-ih-tal) or acquired. Congenital bronchiectasis affects infants and children. It's the result of a problem with how the lungs form in a fetus.
                
Acquired bronchiectasis occurs as a result of another condition or factor. This type of bronchiectasis can affect adults and older children. Acquired bronchiectasis is more common than the congenital type.
                
Outlook
                
Currently, bronchiectasis has no cure. However, with proper care, most people who have it can enjoy a good quality of life.
                
Early diagnosis and treatment of bronchiectasis are important. The sooner your doctor starts treating bronchiectasis and any underlying conditions, the better your chances of preventing further lung damage.",NHLBI,Bronchiectasis
117,"Bronchiectasis often is treated with medicines, hydration, and chest physical therapy (CPT). Your doctor may recommend surgery if the bronchiectasis is isolated to a section of lung or you have a lot of bleeding.
                
If the bronchiectasis is widespread and causing respiratory failure, your doctor may recommend oxygen therapy.
                
The goals of treatment are to:
                
Treat any underlying conditions and lung infections.
                
Remove mucus (a slimy substance) from your lungs. Maintaining good hydration helps with mucus removal.
                
Prevent complications.
                
Early diagnosis and treatment of the underlying cause of bronchiectasis may help prevent further lung damage.
                
In addition, any disease associated with the bronchiectasis, such as cystic fibrosisor immunodeficiency, also should be treated.
                
Medicines
                
Your doctor may prescribe antibiotics, bronchodilators, expectorants, or mucus-thinning medicines to treat bronchiectasis.
                
Antibiotics
                
Antibiotics are the main treatment for the repeated lung infections that bronchiectasis causes. Oral antibiotics often are used to treat these infections.
                
For hard-to-treat infections, your doctor may prescribe intravenous (IV) antibiotics. These medicines are given through an IV line inserted into your arm. Your doctor may help you arrange for a home care provider to give you IV antibiotics at home.
                
Expectorants and Mucus-Thinning Medicines
                
Your doctor may prescribe expectorants and mucus thinners to help you cough up mucus.
                
Expectorants help loosen the mucus in your lungs. They often are combined with decongestants, which may provide extra relief. Mucus thinners, such as acetylcysteine, loosen the mucus to make it easier to cough up.
                
For some of these treatments, little information is available to show how well they work.
                
Hydration
                
Drinking plenty of fluid, especially water, helps prevent airway mucus from becoming thick and sticky. Good hydration helps keep airway mucus moist and slippery, which makes it easier to cough up.
                
Chest Physical Therapy
                
CPT also is called physiotherapy (FIZ-e-o-THER-ah-pe) or chest clapping or percussion. This technique is generally performed by a respiratory therapist but can be done by a trained member of the family. It involves the therapist pounding your chest and back over and over with his or her hands or a device. Doing this helps loosen the mucus from your lungs so you can cough it up.
                
You can sit with your head tilted down or lie on your stomach with your head down while you do CPT. Gravity and force help drain the mucus from your lungs.
                
Some people find CPT hard or uncomfortable to do. Several devices can help with CPT, such as:
                
An electric chest clapper, known as a mechanical percussor.
                
An inflatable therapy vest that uses high-frequency air waves to force mucus toward your upper airways so you can cough it up.
                
A small handheld device that you breathe out through. It causes vibrations that dislodge the mucus.
                
A mask that creates vibrations to help break loose mucus from your airway walls.
                
Some of these methods and devices are popular with patients and doctors, but little information is available on how well they actually work. Choice usually is based on convenience and cost.
                
Several breathing techniques also are used to help move mucus to the upper airway so it can be coughed up. These techniques include forced expiration technique (FET) and active cycle breathing (ACB).
                
FET involves forcing out a couple of breaths and then doing relaxed breathing. ACB is FET that involves deep breathing exercises.
                
Other Treatments
                
Depending on your condition, your doctor also may recommend bronchodilators, inhaled corticosteroids, oxygen therapy, or surgery.
                
Bronchodilators
                
Bronchodilators relax the muscles around your airways. This helps open your airways and makes breathing easier. Most bronchodilators are inhaled medicines. You will use an inhaler or a nebulizer to breathe in a fine mist of medicine.
                
Inhaled bronchodilators work quickly because the medicine goes straight to your lungs. Your doctor may recommend that you use a bronchodilator right before you do CPT.
                
Inhaled Corticosteroids
                
If you also have wheezing or asthma with your bronchiectasis, your doctor may prescribe inhaled corticosteroids (used to treat inflammation in the airways).
                
Oxygen Therapy
                
Oxygen therapy can help raise low blood oxygen levels. For this treatment, you'll receive oxygen through nasal prongs or a mask. Oxygen therapy can be done at home, in a hospital, or in another health facility. (For more information, go to the Health Topics Oxygen Therapy article.)
                
Surgery
                
Your doctor may recommend surgery if no other treatments have helped and only one part of your airway is affected. If you have major bleeding in your airway, your doctor may recommend surgery to remove part of your airway or a procedure to control the bleeding.
                
In very rare instances of severe bronchiectasis, your doctor may recommend that you receive a lung transplant replacing your diseased lungs with a healthy set of lungs.",NHLBI,Bronchiectasis
118,"To prevent bronchiectasis, it's important to prevent the lung infections and lung damage that can cause it.
                
Childhood vaccines for measles and whooping cough prevent infections related to these illnesses. These vaccines also reduce complications from these infections, such as bronchiectasis.
                
Avoiding toxic fumes, gases, smoke, and other harmful substances also can help protect your lungs.
                
Proper treatment of lung infections in children also may help preserve lung function and prevent lung damage that can lead to bronchiectasis.
                
Stay alert to keep children (and adults) from inhaling small objects (such as pieces of toys and food that might stick in a small airway). If you think you, your child, or someone else has inhaled a small object, seek prompt medical care.
                
In some cases, treating the underlying cause of bronchiectasis can slow or prevent its progression.",NHLBI,Bronchiectasis
119,"Primary polycythemia (polycythemia vera) can't be prevented. However, with proper treatment, you can prevent or delay symptoms and complications.
                
Sometimes you can prevent secondary polycythemia by avoiding things that deprive your body of oxygen for long periods. For example, you can avoid mountain climbing, living at a high altitude, or smoking.
                
People who have serious heart or lung diseases may develop secondary polycythemia. Treatment for the underlying disease may improve the secondary polycythemia. Following a healthy lifestyle to lower your risk of heart and lung diseases also will help you prevent secondary polycythemia.",NHLBI,Polycythemia Vera
120,"Mild to serious bleeding causes the main signs and symptoms of thrombocytopenia. Bleeding can occur inside your body (internal bleeding) or underneath your skin or from the surface of your skin (external bleeding).
                
Signs and symptoms can appear suddenly or over time. Mild thrombocytopenia often has no signs or symptoms. Many times, it's found during a routine blood test.
                
Check with your doctor if you have any signs of bleeding. Severe thrombocytopenia can cause bleeding in almost any part of the body. Bleeding can lead to a medical emergency and should be treated right away.
                
External bleeding usually is the first sign of a low platelet count. External bleeding may cause purpura (PURR-purr-ah) or petechiae (peh-TEE-key-ay). Purpura are purple, brown, and red bruises. This bruising may happen easily and often. Petechiae are small red or purple dots on your skin.
                
Purpura and Petechiae
                

                
Other signs of external bleeding include:
                
Prolonged bleeding, even from minor cuts
                
Bleeding or oozing from the mouth or nose, especially nosebleeds or bleeding from brushing your teeth
                
Abnormal vaginal bleeding (especially heavy menstrual flow)
                
A lot of bleeding after surgery or dental work also might suggest a bleeding problem.
                
Heavy bleeding into the intestines or the brain (internal bleeding) is serious and can be fatal. Signs and symptoms include:
                
Blood in the urine or stool or bleeding from the rectum. Blood in the stool can appear as red blood or as a dark, tarry color. (Taking iron supplements also can cause dark, tarry stools.)
                
Headaches and other neurological symptoms. These problems are very rare, but you should discuss them with your doctor.",NHLBI,Thrombocytopenia
121,"Peripheral artery disease (P.A.D.) affects millions of people in the United States. The disease is more common in blacks than any other racial or ethnic group.The major risk factors for P.A.D. are smoking, older age, and having certain diseases or conditions.
                
Smoking
                
Smoking is the main risk factor for P.A.D. and your risk increases if you smoke or have a history of smoking. Quitting smoking slows the progress of P.A.D. People who smoke and people who have diabetes are at highest risk for P.A.D. complications, such as gangrene (tissue death) in the leg from decreased blood flow.
                
Older Age
                
Older age also is a risk factor for P.A.D. Plaque builds up in your arteries as you age.Older age combined with other risk factors, such as smoking or diabetes, also puts you at higher risk for P.A.D.
                
Diseases and Conditions
                
Many diseases and conditions can raise your risk of P.A.D., including:
                
Diabetes
                
High blood pressure
                
High blood cholesterol
                
Coronary heart disease
                
Stroke
                
Metabolic syndrome",NHLBI,Peripheral Artery Disease
122,"The most common signs and symptoms of heart failure are:
                
Shortness of breath or trouble breathing
                
Fatigue (tiredness)
                
Swelling in the ankles, feet, legs, abdomen, and veins in the neck
                
All of these symptoms are the result of fluid buildup in your body. When symptoms start, you may feel tired and short of breath after routine physical effort, like climbing stairs.
                
As your heart grows weaker, symptoms get worse. You may begin to feel tired and short of breath after getting dressed or walking across the room. Some people have shortness of breath while lying flat.
                
Fluid buildup from heart failure also causes weight gain, frequent urination, and a cough that's worse at night and when you're lying down. This cough may be a sign of acute pulmonary edema (e-DE-ma). This is a condition in which too much fluid builds up in your lungs. The condition requires emergency treatment.
                
Heart Failure Signs and Symptoms",NHLBI,Heart Failure
123,"Taking action to control your risk factors can help prevent or delay atherosclerosis and its related diseases. Your risk for atherosclerosis increases with the number of risk factors youhave.
                
One step you can take is to adopt a healthy lifestyle, which can include:
                
Heart-Healthy Eating. Adopt heart-healthy eating habits, which include eating different fruits and vegetables (including beans and peas), whole grains, lean meats, poultry without skin, seafood, and fat-free or low-fat milk and dairy products. A heart-healthy diet is low in sodium, added sugar, solid fats, and refined grains. Following a heart-healthy diet is an important part of a healthy lifestyle.
                
Physical Activity. Be as physically active as you can. Physical activity can improve your fitness level and your health. Ask your doctor what types and amounts of activity are safe for you. Read more about Physical Activity and Your Heart.
                
Quit Smoking. If you smoke, quit. Smoking can damage and tighten blood vessels and raise your risk for atherosclerosis. Talk with your doctor about programs and products that can help you quit. Also, try to avoid secondhand smoke. Read more about Smoking and Your Heart.
                
Weight Control. If youre overweight or obese, work with your doctor to create a reasonable weight-loss plan. Controlling your weight helps you control risk factors foratherosclerosis.
                
Other steps that can prevent or delay atherosclerosis include knowing your family history of atherosclerosis. If you or someone in your family has an atherosclerosis-related disease, be sure to tell your doctor.
                
If lifestyle changes arent enough, your doctor may prescribe medicines to control your atherosclerosis risk factors. Take all of your medicines as your doctor advises.",NHLBI,Atherosclerosis
124,"Pulmonary embolism (PE) is diagnosed based on your medical history, a physical exam, and test results.
                
Doctors who treat patients in the emergency room often are the ones to diagnose PE with the help of a radiologist. A radiologist is a doctor who deals with x rays and other similar tests.
                
Medical History and Physical Exam
                
To diagnose PE, the doctor will ask about your medical history. He or she will want to: 
                
Find out your deep vein thrombosis (DVT) and PE risk factors
                
See how likely it is that you could have PE
                
Rule out other possible causes for your symptoms
                
Your doctor also will do a physical exam. During the exam, he or she will check your legs for signs of DVT. He or she also will check your blood pressure and your heart and lungs.
                
Diagnostic Tests
                
Many tests can help diagnose PE. Which tests you have will depend on how you feel when you get to the hospital, your risk factors, available testing options, and other conditions you could possibly have. You may have one or more of the following tests.
                
Ultrasound
                
Doctors can use ultrasound to look for blood clots in your legs. Ultrasound uses sound waves to check blood flow in your veins.
                
For this test, gel is put on the skin of your legs. A hand-held device called a transducer is moved back and forth over the affected areas. The transducer gives off ultrasound waves and detects their echoes as they bounce off the vein walls and blood cells.
                
A computer turns the echoes into a picture on a computer screen, allowing the doctor to see blood flow in your legs. If the doctor finds blood clots in the deep veins of your legs, he or she will recommend treatment.
                
DVT and PE both are treated with the same medicines.
                
Computed Tomography Scans
                
Doctors can use computed tomography (to-MOG-rah-fee) scans, or CT scans, to look for blood clots in the lungs and legs.
                
For this test, dye is injected into a vein in your arm. The dye makes the blood vessels in your lungs and legs show up on x-ray images. You'll lie on a table, and an x-ray tube will rotate around you. The tube will take pictures from many angles.
                
This test allows doctors to detect most cases of PE. The test only takes a few minutes. Results are available shortly after the scan is done.
                
Lung Ventilation/Perfusion Scan
                
A lung ventilation/perfusion scan, or VQ scan, uses a radioactive substance to show how well oxygen and blood are flowing to all areas of your lungs. This test can help detect PE.
                
Pulmonary Angiography
                
Pulmonary angiography (an-jee-OG-rah-fee) is another test used to diagnose PE. This test isn't available at all hospitals, and a trained specialist must do the test.
                
For this test, a flexible tube called a catheter is threaded through the groin (upper thigh) or arm to the blood vessels in the lungs. Dye is injected into the blood vessels through the catheter.
                
X-ray pictures are taken to show blood flowing through the blood vessels in the lungs. If a blood clot is found, your doctor may use the catheter to remove it or deliver medicine to dissolve it.
                
Blood Tests
                
Certain blood tests may help your doctor find out whether you're likely to have PE.
                
A D-dimer test measures a substance in the blood that's released when a blood clot breaks down. High levels of the substance may mean a clot is present. If your test is normal and you have few risk factors, PE isn't likely.
                
Other blood tests check for inherited disorders that cause blood clots. Blood tests also can measure the amount of oxygen and carbon dioxide in your blood. A clot in a blood vessel in your lungs may lower the level of oxygen in your blood.
                
Other Tests
                
To rule out other possible causes of your symptoms, your doctor may use one or more of the following tests.
                
Echocardiography (echo). This test uses sound waves to create a moving picture of your heart. Doctors use echo to check heart function and detect blood clots inside the heart.
                
EKG (electrocardiogram). An EKG is a simple, painless test that detects and records the heart's electrical activity.
                
Chest x ray. This test creates pictures of your lungs, heart, large arteries, ribs, and diaphragm (the muscle below your lungs).
                
Chest MRI (magnetic resonance imaging). This test uses radio waves and magnetic fields to create pictures of organs and structures inside the body. MRI often can provide more information than an x ray.",NHLBI,Pulmonary Embolism
125,"Ischemic Stroke and Transient Ischemic Attack
                
An ischemic stroke or transient ischemic attack (TIA) occurs if an artery that supplies oxygen-rich blood to the brain becomes blocked. Many medical conditions can increase the risk of ischemic stroke or TIA.
                
For example, atherosclerosis (ath-er-o-skler-O-sis) is a disease in which a fatty substance called plaque builds up on the inner walls of the arteries. Plaque hardens and narrows the arteries, which limits the flow of blood to tissues and organs (such as the heart and brain).
                
Plaque in an artery can crack or rupture (break open). Blood platelets (PLATE-lets), which are disc-shaped cell fragments, stick to the site of the plaque injury and clump together to form blood clots. These clots can partly or fully block an artery.
                
Plaque can build up in any artery in the body, including arteries in the heart, brain, and neck. The two main arteries on each side of the neck are called the carotid (ka-ROT-id) arteries. These arteries supply oxygen-rich blood to the brain, face, scalp, and neck.
                
When plaque builds up in the carotid arteries, the condition is called carotid artery disease. Carotid artery disease causes many of the ischemic strokes and TIAs that occur in the United States.
                
An embolic stroke (a type of ischemic stroke) or TIA also can occur if a blood clot or piece of plaque breaks away from the wall of an artery. The clot or plaque can travel through the bloodstream and get stuck in one of the brains arteries. This stops blood flow through the artery and damages brain cells.
                
Heart conditions and blood disorders also can cause blood clots that can lead to a stroke or TIA. For example, atrial fibrillation (A-tre-al fi-bri-LA-shun), or AF, is a common cause of embolic stroke.
                
In AF, the upper chambers of the heart contract in a very fast and irregular way. As a result, some blood pools in the heart. The pooling increases the risk of blood clots forming in the heart chambers.
                
An ischemic stroke or TIA also can occur because of lesions caused by atherosclerosis. These lesions may form in the small arteries of the brain, and they can block blood flow to the brain.
                
Hemorrhagic Stroke
                
Sudden bleeding in the brain can cause a hemorrhagic stroke. The bleeding causes swelling of the brain and increased pressure in the skull. The swelling and pressure damage brain cells and tissues.
                
Examples of conditions that can cause a hemorrhagic stroke include high blood pressure, aneurysms, and arteriovenous (ar-TEER-e-o-VE-nus) malformations (AVMs).
                
""Blood pressure"" is the force of blood pushing against the walls of the arteries as the heart pumps blood. If blood pressure rises and stays high over time, it can damage the body in many ways.
                
Aneurysms are balloon-like bulges in an artery that can stretch and burst. AVMs are tangles of faulty arteries and veins that can rupture within the brain. High blood pressure can increase the risk of hemorrhagic stroke in people who have aneurysms or AVMs.",NHLBI,Stroke
126,"Hypotension (HI-po-TEN-shun) is abnormally low blood pressure. Blood pressure is the force of blood pushing against the walls of the arteries as the heart pumps out blood.
                
Blood pressure is measured as systolic (sis-TOL-ik) and diastolic (di-a-STOL-ik) pressures. ""Systolic"" refers to blood pressure when the heart beats while pumping blood. ""Diastolic"" refers to blood pressure when the heart is at rest between beats.
                
You most often will see blood pressure numbers written with the systolic number above or before the diastolic number, such as 120/80 mmHg. (The mmHg is millimeters of mercurythe units used to measure blood pressure.)
                
Normal blood pressure in adults is lower than 120/80 mmHg. Hypotension is blood pressure that's lower than 90/60 mmHg.
                
Overview
                
Blood pressure doesn't stay the same all the time. It lowers as you sleep and rises when you wake up. Blood pressure also rises when you're excited, nervous, or active.
                
Your body is very sensitive to changes in blood pressure. For example, if you stand up quickly, your blood pressure may drop for a short time. Your body adjusts your blood pressure to make sure enough blood and oxygen are flowing to your brain, kidneys, and other vital organs.
                
Most forms of hypotension happen because your body can't bring blood pressure back to normal or can't do it fast enough.
                
Some people have low blood pressure all the time. They have no signs or symptoms, and their low blood pressure is normal for them.
                
In other people, certain conditions or factors cause abnormally low blood pressure. As a result, less blood and oxygen flow to the body's organs.
                
For the most part, hypotension is a medical concern only if it causes signs or symptoms or is linked to a serious condition, such as heart disease. Signs and symptoms of hypotension may include dizziness, fainting, cold and sweaty skin, fatigue (tiredness), blurred vision, or nausea (feeling sick to your stomach).
                
In extreme cases, hypotension can lead to shock.
                
Outlook
                
In a healthy person, low blood pressure without signs or symptoms usually isn't a problem and needs no treatment. If it causes signs or symptoms, your doctor will try to find and treat the condition that's causing it.
                
Hypotension can be dangerous. It can make you fall because of dizziness or fainting. Shock, a severe form of hypotension, is a condition that's often fatal if not treated right away. With prompt and proper treatment, shock can be successfully treated.",NHLBI,Hypotension
127,"You usually can't prevent acute pericarditis. You can take steps to reduce your chance of having another acute episode, having complications, or getting chronic pericarditis.
                
These steps include getting prompt treatment, following your treatment plan, and having ongoing medical care (as your doctor advises).",NHLBI,Pericarditis
128,"Marfan syndrome is a condition in which your body's connective tissue is abnormal. Connective tissue helps support all parts of your body. It also helps control how your body grows and develops.
                
Marfan syndrome most often affects the connective tissue of the heart and blood vessels, eyes, bones, lungs, and covering of the spinal cord. Because the condition affects many parts of the body, it can cause many complications. Sometimes the complications are life threatening.
                
Overview
                
Marfan syndrome is a genetic disorder. A mutation, or change, in the gene that controls how the body makes fibrillin causes Marfan syndrome. Fibrillin is a protein that plays a major role in your body's connective tissue.
                
Most people who have Marfan syndrome inherit it from their parents. If you have Marfan syndrome, you have a 50 percent chance of passing the altered gene to each of your children.
                
In about 1 in 4 cases, the mutation that causes Marfan syndrome is not inherited. Thus, the affected person is the first in his or her family to have the condition.
                
Marfan syndrome often affects the long bones of the body. This can lead to signs, or traits, such as:
                
A tall, thin build.
                
Long arms, legs, fingers, and toes and flexible joints.
                
A spine that curves to one side. This condition is called scoliosis (sko-le-O-sis).
                
A chest that sinks in or sticks out. These conditions are called pectus excavatum (eks-ka-VA-tum) and pectus carinatum (ka-ri-NA-tum), respectively.
                
Teeth that are too crowded.
                
Flat feet.
                
Marfan syndrome traits vary from person to person, even in the same family. Some people who have the condition have many traits, while others have few.
                
The most serious complications of Marfan syndrome involve the heart and blood vessels. Marfan syndrome can affect the aorta, the main blood vessel that supplies oxygen-rich blood to the body. In Marfan syndrome, the aorta can stretch and grow weak. This condition is called aortic dilation (di-LA-shun) or aortic aneurysm (AN-u-rism).
                
If the aorta stretches and grows weak, it may tear or burst and leak blood. This condition is called aortic dissection. It's very serious and can lead to severe heart problems or even death.
                
Marfan syndrome has no cure, but treatments can help delay or prevent complications. Treatments include medicines, surgery, and other therapies. Limiting certain activities, or changing how you do them, may help reduce the risks to the aorta, eyes, and joints.
                
The type of treatment you receive depends on how the condition is affecting your body.
                
Outlook
                
About 1 out of every 5,000 people in the United States has Marfan syndrome. Men, women, children, and people of all races can have the condition.
                
Advances have been made in the early diagnosis and treatment of Marfan syndrome. It's now possible for people who have the condition to live longer and enjoy a good quality of life. Many people who have Marfan syndrome and are properly diagnosed and treated may live an average lifespan.
                
Researchers continue to study the condition and look for better treatments.",NHLBI,Marfan Syndrome
129,"First, your doctor will want to find out whether your palpitations are harmless or related to a heart problem. He or she will ask about your symptoms and medical history, do a physical exam, and recommend several basic tests.
                
This information may point to a heart problem as the cause of your palpitations. If so, your doctor may recommend more tests. These tests will help show what the problem is, so your doctor can decide how to treat it.
                
The cause of palpitations may be hard to diagnose, especially if symptoms don't occur regularly.
                
Specialists Involved
                
Several types of doctors may work with you to diagnose and treat your palpitations. These include a:
                
Primary care doctor
                
Cardiologist (a doctor who specializes in diagnosing and treating heart diseases and conditions)
                
Electrophysiologist (a cardiologist who specializes in the heart's electrical system)
                
Medical History
                
Your doctor will ask questions about your palpitations, such as:
                
When did they begin?
                
How long do they last?
                
How often do they occur?
                
Do they start and stop suddenly?
                
Does your heartbeat feel steady or irregular during the palpitations?
                
Do other symptoms occur with the palpitations?
                
Do your palpitations have a pattern? For example, do they occur when you exercise or drink coffee? Do they happen at a certain time of day?
                
Your doctor also may ask about your use of caffeine, alcohol, supplements, and illegal drugs.
                
Physical Exam
                
Your doctor will take your pulse to find out how fast your heart is beating and whether its rhythm is normal. He or she also will use a stethoscope to listen to your heartbeat.
                
Your doctor may look for signs of conditions that can cause palpitations, such as an overactive thyroid.
                
Diagnostic Tests
                
Often, the first test that's done is an EKG (electrocardiogram). This simple test records your heart's electrical activity.
                
An EKG shows how fast your heart is beating and its rhythm (steady or irregular). It also records the strength and timing of electrical signals as they pass through your heart.
                
Even if your EKG results are normal, you may still have a medical condition that's causing palpitations. If your doctor suspects this is the case, you may have blood tests to gather more information about your heart's structure, function, and electrical system.
                
Holter or Event Monitor
                
A standard EKG only records the heartbeat for a few seconds. It won't detect heart rhythm problems that don't happen during the test. To diagnose problems that come and go, your doctor may have you wear a Holter or event monitor.
                
A Holter monitor records the hearts electrical activity for a full 24- or 48-hour period. You wear patches called electrodes on your chest. Wires connect the patches to a small, portable recorder. The recorder can be clipped to a belt, kept in a pocket, or hung around your neck.
                
During the 24- or 48-hour period, you do your usual daily activities. You use a notebook to record any symptoms you have and the time they occur. You then return both the recorder and the notebook to your doctor to read the results. Your doctor can see how your heart was beating at the time you had symptoms.
                
An event monitor is similar to a Holter monitor. You wear an event monitor while doing your normal activities. However, an event monitor only records your heart's electrical activity at certain times while you're wearing it.
                
For many event monitors, you push a button to start the monitor when you feel symptoms. Other event monitors start automatically when they sense abnormal heart rhythms.
                
You can wear an event monitor for weeks or until symptoms occur.
                
Holter or Event Monitor
                

                
Echocardiography
                
Echocardiography uses sound waves to create a moving picture of your heart. The picture shows the size and shape of your heart and how well your heart chambers and valves are working.
                
The test also can identify areas of poor blood flow to the heart, areas of heart muscle that aren't contracting normally, and previous injury to the heart muscle caused by poor blood flow.
                
Stress Test
                
Some heart problems are easier to diagnose when your heart is working hard and beating fast. During stress testing, you exercise to make your heart work hard and beat fast while heart tests are done. If you cant exercise, you may be given medicine to make your heart work hard and beat fast.",NHLBI,Heart Palpitations
130,"The most common risk factor for cardiogenic shock is having a heart attack. If you've had a heart attack, the following factors can further increase your risk for cardiogenic shock:
                
Older age
                
A history of heart attacks or heart failure
                
Coronary heart disease that affects all of the hearts major blood vessels
                
High blood pressure
                
Diabetes
                
Women who have heart attacks are at higher risk for cardiogenic shock than men who have heart attacks.",NHLBI,Cardiogenic Shock
131,"You can prevent obesity hypoventilation syndrome (OHS) by maintaining a healthy weight. However, not everyone who is obese develops OHS. Researchers don't fully know why only some people who are obese develop the condition.
                
Adopting healthy habits can help you maintain a healthy weight. Many lifestyle habits begin during childhood. So, it's important to make following a healthy lifestyle a family goal.
                
A healthy diet is an important part of a healthy lifestyle. A healthy diet includes a variety of vegetables and fruits. It also includes whole grains, fat-free or low-fat dairy products, and protein foods, such as lean meats, eggs, poultry without skin, seafood, nuts, seeds, beans, and peas.
                
A healthy diet is low in sodium (salt), added sugars, solid fats, and refined grains. Solid fats are saturated fat and trans fatty acids. Refined grains come from processing whole grains, which results in a loss of nutrients (such as dietary fiber). Examples of refined grains include white rice and white bread.
                
For more information about following a healthy diet, go to the National Heart, Lung, and Blood Institute's ""Your Guide to Lowering Your Blood Pressure With DASH"" and the U.S. Department of Agriculture's ChooseMyPlate.gov Web site. Both resources provide general information about healthy eating.
                
To adopt other healthy lifestyle habits, follow these tips:
                
Focus on portion size. Watch the portion sizes in fast food and other restaurants. The portions served often are enough for two or three people. Children's portion sizes should be smaller than those for adults. Cutting back on portion sizes will help you manage your calorie intake.
                
Be physically active. Make personal and family time as active as possible. Find activities that everyone will enjoy. For example, go for a brisk walk, bike or rollerblade, or train together for a walk or run.
                
Reduce screen time. Limit the use of TVs, computers, DVDs, and videogames; they cut back on the time for physical activity. Health experts recommend2 hours or less a day of screen time that's not work- or homework-related.
                
Keep track of your weight and body mass index (BMI). BMI is calculated from your height and weight. In adults, a BMI of 30 or more is considered obese. You can use the NHLBI's online BMI calculator to figure out your BMI, or your doctor can help you.
                
For more information, go to the prevention section of the Health Topics Overweight and Obesity article.
                
Even if you have OHS, you might be able to prevent the condition from worsening. For example, avoid alcohol, sedatives, and narcotics. These substances can interfere with how well your body is able to maintain normal carbon dioxide and oxygen levels.",NHLBI,Obesity Hypoventilation Syndrome
132,"The NINDS conducts and supports research on disorders of the brain and nervous system, including pseudotumor cerebri. This research focuses primarily on increasing scientific understanding of these disorders and finding ways to prevent, treat, and cure them.",NINDS,Pseudotumor Cerebri
133,The NINDS supports research on movement disorders such as chorea. The goals of this research are to increase understanding of these disorders and to find ways to prevent and treat them.,NINDS,Chorea
134,"The mission of the National Institute of Neurological Disorders and Stroke (NINDS) is to seek fundamental knowledge about the brain and nervous system, and to use that knowledge to reduce the burden of neurological disease. Studies of cerebral cavernous malformations (CCMs) show that alterations in the function of structural proteins may also give rise to vascular malformations. Currently there is no therapy to prevent the development or progression of CCMs. NINDS-funded scientists have developed an animal model that studies two of the familial genes related to the development of CCMs. Research shows that the protein signaling pathway Rhoa/ROCK, which allows cells to communicate regarding the formation of cell structure, is involved in blood vessel activity/ and the flow of molecules and cells into and out of blood vessels. These scientists hypothesize that blocking ROCK activity will inhibit CCM development and hemorrhage, and possibly create a therapy for these malformations.",NINDS,Cavernous Malformation
135,Treatment for Sturge-Weber syndrome is symptomatic. Laser treatment may be used to lighten or remove the birthmark.  Anticonvulsant medications may be used to control seizures. Persons with drug-resistant seizures may be treated by surgical removal of epileptic brain tissue. Surgery may be performed on more serious cases of glaucoma. Physical therapy should be considered for infants and children with muscle weakness. Educational therapy is often prescribed for those with impaired cognition or developmental delays. Doctors recommend yearly monitoring for glaucoma.,NINDS,Sturge-Weber Syndrome
136,"The prognosis for children with IS is dependent on the underlying causes of the seizures. The intellectual prognosis for children with IS is generally poor because many babies with IS have neurological impairment prior to the onset of spasms. Epileptic spasms usually reduce in number by mid-childhood, but more than half of the children with IS will develop other types of seizures. There appears to be a close relationship between IS and Lennox-Gastaut Syndrome, an epileptic disorder of later childhood.",NINDS,Infantile Spasms
137,"The mission of the National Institute of Neurological Disorders and Stroke (NINDS) is to seek fundamental knowledge of the brain and nervous system and to use that knowledge to reduce the burden of neurological disease. The NINDS supports research on genetic disorders such as Barth syndrome, including basic research on mitochondrial dysfunction and investigations of other inborn errors of metabolism. Scientists have identified many of the genetic mutations that cause mitochondrial diseases and have created animal models which can be used to investigate potential treatments. Scientists hope to develop unique approaches to treating mitochondrial diseases through a better understanding of mitochondrial biology. Because people affected by mitochondrial disease often have a mixture of healthy and mutant mitochondria in their cells, effective therapy could involve getting the healthy mitochondria to take over for the diseased ones.",NINDS,Barth Syndrome
138,"Developmental dyspraxia is a disorder characterized by an impairment in the ability to plan and carry out sensory and motor tasks. Generally, individuals with the disorder appear ""out of sync"" with their environment. Symptoms vary and may include poor balance and coordination, clumsiness, vision problems, perception difficulties, emotional and behavioral problems, difficulty with reading, writing, and speaking, poor social skills, poor posture, and poor short-term memory. Although individuals with the disorder may be of average or above average intelligence, they may behave immaturely.",NINDS,Developmental Dyspraxia
139,"Tremor is an unintentional, rhythmic, muscle movement involving to-and-fro movements of one or more parts of the body. Most tremors occur in the hands, although they can also affect the arms, head, face, voice, trunk, and legs. Sometimes tremor is a symptom of another neurological disorder or a side effect of certain drugs, but the most common form occurs in otherwise healthy people. Some forms of tremor are inherited and run in families, while others have no known cause. Excessive alcohol consumption or alcohol withdrawal can kill certain nerve cells, resulting in tremor, especially in the hand. Other causes include an overactive thyroid and the use of certain drugs. Tremor may occur at any age but is most common in middle-aged and older persons.
                
There are several forms of tremor, including:
                
Essential tremor (sometimes called benign essential tremor) is the most common form of abnormal tremor.The hands are most often affected but the head, voice, tongue, legs, and trunk may also be involved. Head tremor may be seen as a ""yes-yes"" or ""no-no"" motion. Onset is most common after age 40, although symptoms can appear at any age. Parkinsonian tremor is caused by damage to structures within the brain that control movement. The tremor is classically seen as a ""pill-rolling"" action of the hands but may also affect the chin, lips, legs, and trunk. Dystonic tremor occurs in individuals of all ages who are affected by dystonia, a movement disorder in which sustained involuntary muscle contractions cause twisting motions or painful postures or positions.",NINDS,Tremor
140,"PLS is not fatal. There is no cure and the progression of symptoms varies. Some people may retain the ability to walk without assistance, but others eventually require wheelchairs, canes, or other assistive devices.",NINDS,Primary Lateral Sclerosis
141,"Dermatomyositis is one of a group of muscle diseases known as the inflammatory myopathies, which are characterized by chronic muscle inflammation accompanied by muscle weakness. Dermatomyositis cardinal symptom is a skin rash that precedes, accompanies, or follows progressive muscle weakness. The rash looks patchy, with purple or red discolorations, and characteristically develops on the eyelids and on muscles used to extend or straighten joints, including knuckles, elbows, knees, and toes. Red rashes may also occur on the face, neck, shoulders, upper chest, back, and other locations, and there may be swelling in the affected areas. The rash sometimes occurs without obvious muscle involvement. Adults with dermatomyositis may experience weight loss, a low-grade fever, inflamed lungs, and be sensitive to light such that the rash or muscle disease gets worse. Children and adults with dermatomyositis may develop calcium deposits, which appear as hard bumps under the skin or in the muscle (called calcinosis). Calcinosis most often occurs 1-3 years after the disease begins. These deposits are seen more often in children with dermatomyositis than in adults. In some cases of dermatomyositis, distal muscles (muscles located away from the trunk of the body, such as those in the forearms and around the ankles and wrists) may be affected as the disease progresses. Dermatomyositis may be associated with collagen-vascular or autoimmune diseases, such as lupus.",NINDS,Dermatomyositis
142,The National Institute of Neurological Disorders and Stroke (NINDS) and other institutes of the National Institutes of Health (NIH) conduct research related to porencephaly in laboratories at the NIH and also support additional research through grants to major medical institutions across the country. Much of this research explores the complex mechanisms of normal brain development. The knowledge gained from these fundamental studies will provide a foundation for developing ways to prevent porecephaly and the other cephalic disorders.,NINDS,Porencephaly
143,"Behcet's disease is a rare, chronic inflammatory disorder. The cause of Behcet's disease is unknown, but current research suggests that both genetic and environmental factors play a role. Behcet's disease generally begins when individuals are in their 20s or 30s, although it can happen at any age. It tends to occur more often in men than in women. Symptoms of Behcet's disease include recurrent ulcers in the mouth (resembling canker sores) and on the genitals, and eye inflammation. The disorder may also cause various types of skin lesions, arthritis, bowel inflammation, meningitis (inflammation of the membranes of the brain and spinal cord), and cranial nerve palsies. Behcet's is a multi-system disease; it may involve all organs and affect the central nervous system, causing memory loss and impaired speech, balance, and movement.
                
The effects of the disease may include blindness, stroke, swelling of the spinal cord, and intestinal complications. The disease is common in the Middle East, particularly in Turkey, and in Far Eastern nations such as Japan and Korean, but is less common in the United States.",NINDS,Behcet's Disease
144,"Cerebral atrophy is a common feature of many of the diseases that affect the brain. Atrophy of any tissue means loss of cells. In brain tissue, atrophy describes a loss of neurons and the connections between them. Atrophy can be generalized, which means that all of the brain has shrunk; or it can be focal, affecting only a limited area of the brain and resulting in a decrease of the functions that area of the brain controls. If the cerebral hemispheres (the two lobes of the brain that form the cerebrum) are affected, conscious thought and voluntary processes may be impaired.
                
Associated Diseases/Disorders: The pattern and rate of progression of cerebral atrophy depends on the disease involved. Diseases that cause cerebral atrophy include:
                
- stroke and traumatic brain injury - Alzheimers disease, Picks disease, and fronto-temporal dementia - cerebral palsy, in which lesions (damaged areas) may impair motor coordination - Huntingtons disease, and other hereditary diseases that are associated with genetic mutations - leukodystrophies, such as Krabbe disease, which destroy the myelin sheath that protects axons - mitochondrial encephalomyopathies, such as Kearns-Sayre syndrome, which interfere with the basic functions of neurons - multiple sclerosis, which causes inflammation, myelin damage, and lesions in cerebral tissue - infectious diseases, such as encephalitis, neurosyphilis, and AIDS, in which an infectious agent or the inflammatory reaction to it destroys neurons and their axons
                
Symptoms of cerebral atrophy: Many diseases that cause cerebral atrophy are associated with dementia, seizures, and a group of language disorders called the aphasias.
                
- Dementia is characterized by a progressive impairment of memory and intellectual function that is severe enough to interfere with social and work skills. Memory, orientation, abstraction, ability to learn, visual-spatial perception, and higher executive functions such as planning, organizing, and sequencing may also be impaired. - Seizures can take different forms, appearing as disorientation, repetitive movements, loss of consciousness, or convulsions. - Aphasias are a group of disorders characterized by disturbances in speaking and understanding language. Receptive aphasia causes impaired comprehension. Expressive aphasia is reflected in odd choices of words, the use of partial phrases, disjointed clauses, and incomplete sentences.",NINDS,Cerebral Atrophy
145,"The NINDS supports research on neurological disorders such as Melkersson-Rosenthal syndrome. Much of this research is aimed at increasing knowledge of these disorders and finding ways to treat, prevent, and ultimately cure them.",NINDS,Melkersson-Rosenthal Syndrome
146,"The NINDS supports a broad program of research on disorders of the nervous system, including CIDP. Much of this research is aimed at increasing the understanding of these disorders and finding ways to prevent, treat, and cure them.",NINDS,Chronic Inflammatory Demyelinating Polyneuropathy (CIDP)
147,"A physician may diagnose MS in some patients soon after the onset of the illness. In others, however, doctors may not be able to readily identify the cause of the symptoms, leading to years of uncertainty and multiple diagnoses punctuated by baffling symptoms that mysteriously wax and wane. The vast majority of patients are mildly affected, but in the worst cases, MS can render a person unable to write, speak, or walk. MS is a disease with a natural tendency to remit spontaneously, for which there is no universally effective treatment.",NINDS,Multiple Sclerosis
148,"The NINDS supports a broad program of research studies on MD. The goals of these studies are to understand MD and to develop techniques to diagnose, treat, prevent, and ultimately cure the disorder.
                
The NINDS is a member of the Muscular Dystrophy Coordinating Committee (MDCC). For additional information, please visit: http://www.ninds.nih.gov/about_ninds/groups/mdcc/",NINDS,Muscular Dystrophy
149,"Frontotemporal dementia (FTD) describes a clinical syndrome associated with shrinking of the frontal and temporal anterior lobes of the brain. Originally known as Picks disease, the name and classification of FTD has been a topic of discussion for over a century. The current designation of the syndrome groups together Picks disease, primary progressive aphasia, and semantic dementia as FTD. Some doctors propose adding corticobasal degeneration and progressive supranuclear palsy to FTD and calling the group Pick Complex. These designations will continue to be debated. As it is defined today, the symptoms of FTD fall into two clinical patterns that involve either (1) changes in behavior, or (2) problems with language. The first type features behavior that can be either impulsive (disinhibited) or bored and listless (apathetic) and includes inappropriate social behavior; lack of social tact; lack of empathy; distractability; loss of insight into the behaviors of oneself and others; an increased interest in sex; changes in food preferences; agitation or, conversely, blunted emotions; neglect of personal hygiene; repetitive or compulsive behavior, and decreased energy and motivation. The second type primarily features symptoms of language disturbance, including difficulty making or understanding speech, often in conjunction with the behavioral types symptoms. Spatial skills and memory remain intact. There is a strong genetic component to the disease; FTD often runs in families.",NINDS,Frontotemporal Dementia
150,"There is no cure for INAD and no treatment that can stop the progress of the disease. Treatment is symptomatic and supportive. Doctors can prescribe medications for pain relief and sedation. Physiotherapists and other physical therapists can teach parents and caregivers how to position and seat their child, and to exercise arms and legs to maintain comfort.",NINDS,Neuroaxonal dystrophy
151,"There are several types of surgery that can restore blood flow (revascularization) to the brain by opening narrowed blood vessels or by bypassing blocked arteries. Children usually respond better to revascularization surgery than adults, but the majority of individuals have no further strokes or related problems after surgery.",NINDS,Moyamoya Disease
152,"Meningitis is an infection of the meninges, the membranes that surround the brain and spinal cord. Encephalitis is inflammation of the brain itself. Causes of encephalitis and meningitis include viruses, bacteria, fungus, and parasites. Anyone can get encephalitis or meningitis.Inflammation from encephalitis and meningitis produce a wide range of symptoms. Symptoms of encephalitis include sudden fever, headache, vomiting, heightened sensitivity to light, stiff neck and back, confusion and impaired judgment, drowsiness, weak muscles, a clumsy and unsteady gait, and irritability. In more severe cases, people may have problems with speech or hearing, vision problems, and hallucinations. Symptoms that might require emergency treatment include loss of consciousness, seizures, muscle weakness, or sudden severe dementia.
                
Symptoms of meningitis, which may appear suddenly, often include high fever, severe and persistent headache, stiff neck, nausea, sensitivity to bright light, and vomiting. Changes in behavior such as confusion, sleepiness, and difficulty waking up may also occur. In infants, symptoms of meningitis or encephalitis may include fever, vomiting, lethargy, body stiffness, unexplained irritability, and a full or bulging fontanel (the soft spot on the top of the head). Anyone experiencing symptoms of meningitis or encephalitis should see a doctor immediately.",NINDS,Meningitis and Encephalitis
153,"Many people with Type I CM are asymptomatic and do not know they have the condition. Many individuals with the more severe types of CM and have surgery see a reduction in their symptoms and/or prolonged periods of relative stability, although paralysis is generally permanent.",NINDS,Chiari Malformation
154,"Both the autosomal dominant and autosomal recessive forms of SLC4A1-associated distal renal tubular acidosis are caused by mutations in the SLC4A1 gene. This gene provides instructions for making the anion exchanger 1 (AE1) protein, which transports negatively charged atoms (anions) across cell membranes. Specifically, AE1 exchanges negatively charged atoms of chlorine (chloride ions) for negatively charged bicarbonate molecules (bicarbonate ions). The AE1 protein is found in the cell membrane of kidney cells and red blood cells. In kidney cells, the exchange of bicarbonate through AE1 allows acid to be released from the cell into the urine. In red blood cells, AE1 attaches to other proteins that make up the structural framework (the cytoskeleton) of the cells, helping to maintain their structure.  The SLC4A1 gene mutations involved in either form of SLC4A1-associated distal renal tubular acidosis lead to production of altered AE1 proteins that cannot get to the correct location in the cell membrane. In the autosomal dominant form of the condition, gene mutations affect only one copy of the SLC4A1 gene, and normal AE1 protein is produced from the other copy. However, the altered protein attaches to the normal protein and keeps it from getting to the correct location, leading to a severe reduction or absence of AE1 protein in the cell membrane. In autosomal recessive distal renal tubular acidosis, both copies of the SLC4A1 gene are mutated, so all of the protein produced from this gene is altered and not able to get to the correct location. Improper location or absence of AE1 in kidney cell membranes disrupts bicarbonate exchange, and as a result, acid cannot be released into the urine. Instead, the acid builds up in the blood in most affected individuals, leading to metabolic acidosis and the other features of complete distal renal tubular acidosis. It is not clear why some people develop metabolic acidosis and others do not. Researchers suggest that in individuals with incomplete distal renal tubular acidosis, another mechanism is able to help regulate blood acidity (pH) and keep metabolic acidosis from developing.  In red blood cells, interaction with a protein called glycophorin A can often help the altered AE1 protein get to the cell membrane where it can perform its function, which explains why most people with SLC4A1-associated distal renal tubular acidosis do not have blood cell abnormalities. However, some altered AE1 proteins cannot be helped by glycophorin A and are not found in the cell membrane. Without AE1, the red blood cells are unstable; breakdown of these abnormal red blood cells may lead to hemolytic anemia.  Some people have nonhereditary forms of distal renal tubular acidosis; these forms can be caused by immune system problems or other conditions that damage the kidneys. These individuals often have additional signs and symptoms related to the original condition.",GHR,SLC4A1-associated distal renal tubular acidosis
155,"Beta-ureidopropionase deficiency is a disorder that causes excessive amounts of molecules called N-carbamyl-beta-aminoisobutyric acid and N-carbamyl-beta-alanine to be released in the urine. Neurological problems ranging from mild to severe also occur in some affected individuals.  People with beta-ureidopropionase deficiency can have low muscle tone (hypotonia), seizures, speech difficulties, developmental delay, intellectual disability, and autistic behaviors that affect communication and social interaction. Some people with this condition have an abnormally small head size (microcephaly); they may also have brain abnormalities that can be seen with medical imaging. Deterioration of the optic nerve, which carries visual information from the eyes to the brain, can lead to vision loss in this condition.  In some people with beta-ureidopropionase deficiency, the disease causes no neurological problems and can only be diagnosed by laboratory testing.",GHR,beta-ureidopropionase deficiency
156,"These resources address the diagnosis or management of congenital leptin deficiency:  - Eunice Kennedy Shriver National Institute of Child Health and Human Development: How Are Obesity and Overweight Diagnosed?  - Genetic Testing Registry: Obesity, severe, due to leptin deficiency  - Genetics of Obesity Study  - National Heart, Lung, and Blood Institute: How Are Overweight and Obesity Treated?   These resources from MedlinePlus offer information about the diagnosis and management of various health conditions:  - Diagnostic Tests  - Drug Therapy  - Surgery and Rehabilitation  - Genetic Counseling   - Palliative Care",GHR,congenital leptin deficiency
157,"Glucose-galactose malabsorption is a condition in which the cells lining the intestine cannot take in the sugars glucose and galactose, which prevents proper digestion of these molecules and larger molecules made from them.  Glucose and galactose are called simple sugars, or monosaccharides. Sucrose (table sugar) and lactose (the sugar found in milk) are called disaccharides because they are made from two simple sugars, and are broken down into these simple sugars during digestion. Sucrose is broken down into glucose and another simple sugar called fructose, and lactose is broken down into glucose and galactose. As a result, lactose, sucrose and other compounds made from sugar molecules (carbohydrates) cannot be digested by individuals with glucose-galactose malabsorption.  Glucose-galactose malabsorption generally becomes apparent in the first few weeks of a baby's life. Affected infants experience severe diarrhea resulting in life-threatening dehydration, increased acidity of the blood and tissues (acidosis), and weight loss when fed breast milk or regular infant formulas. However, they are able to digest fructose-based formulas that do not contain glucose or galactose. Some affected children are better able to tolerate glucose and galactose as they get older.  Small amounts of glucose in the urine (mild glucosuria) may occur intermittently in this disorder. Affected individuals may also develop kidney stones or more widespread deposits of calcium within the kidneys.",GHR,glucose-galactose malabsorption
158,"Mutations in the ZFYVE26 gene cause spastic paraplegia type 15. This gene provides instructions for making a protein called spastizin. This protein is important in a process called autophagy, in which worn-out cell parts and unneeded proteins are recycled within cells. Specifically, spastizin is involved in the formation and maturation of sacs called autophagosomes (or autophagic vacuoles) that transport unneeded materials to be broken down. Spastizin also plays a role in the process by which dividing cells separate from one another (cytokinesis).  Many ZFYVE26 gene mutations that cause spastic paraplegia type 15 result in a shortened spastizin protein that is quickly broken down. As a result, functional autophagosomes are not produced, autophagy cannot occur, and recycling of materials within cells is decreased. An inability to break down unneeded materials, and the subsequent accumulation of these materials in cells, leads to cell dysfunction and often cell death. The loss of cells in the brain and other parts of the body is responsible for many of the features of spastic paraplegia type 15.  It is unclear whether a lack of spastizin protein interferes with normal cytokinesis and whether impaired cell division contributes to the signs and symptoms of spastic paraplegia type 15.",GHR,spastic paraplegia type 15
159,"Neurofibromatosis type 2 has an estimated incidence of 1 in 33,000 people worldwide.",GHR,neurofibromatosis type 2
160,"Mutations in the FLNB gene cause spondylocarpotarsal synostosis syndrome. The FLNB gene provides instructions for making a protein called filamin B. This protein helps build the network of protein filaments (cytoskeleton) that gives structure to cells and allows them to change shape and move. Filamin B attaches (binds) to another protein called actin and helps the actin to form the branching network of filaments that makes up the cytoskeleton. It also links actin to many other proteins to perform various functions within the cell, including the cell signaling that helps determine how the cytoskeleton will change as tissues grow and take shape during development.  Filamin B is especially important in the development of the skeleton before birth. It is active (expressed) in the cell membranes of cartilage-forming cells (chondrocytes). Cartilage is a tough, flexible tissue that makes up much of the skeleton during early development. Most cartilage is later converted to bone (a process called ossification), except for the cartilage that continues to cover and protect the ends of bones and is present in the nose, airways (trachea and bronchi), and external ears. Filamin B appears to be important for normal cell growth and division (proliferation) and maturation (differentiation) of chondrocytes and for the ossification of cartilage.  FLNB gene mutations that cause spondylocarpotarsal synostosis syndrome result in the production of an abnormally short filamin B protein that is unstable and breaks down rapidly. Loss of the filamin B protein appears to result in out-of-place (ectopic) ossification, resulting in fusion of the bones in the spine, wrists, and ankles and other signs and symptoms of spondylocarpotarsal synostosis syndrome.  A few individuals who have been diagnosed with spondylocarpotarsal synostosis syndrome do not have mutations in the FLNB gene. In these cases, the genetic cause of the disorder is unknown.",GHR,spondylocarpotarsal synostosis syndrome
161,"Hereditary angioedema is estimated to affect 1 in 50,000 people. Type I is the most common, accounting for 85 percent of cases. Type II occurs in 15 percent of cases, and type III is very rare.",GHR,hereditary angioedema
162,"Multicentric osteolysis, nodulosis, and arthropathy (MONA) describes a rare inherited disease characterized by a loss of bone tissue (osteolysis), particularly in the hands and feet. MONA includes a condition formerly called nodulosis-arthropathy-osteolysis (NAO) syndrome. It may also include a similar disorder called Torg syndrome, although it is unknown whether Torg syndrome is actually part of MONA or a separate disorder caused by a mutation in a different gene.  In most cases of MONA, bone loss begins in the hands and feet, causing pain and limiting movement. Bone abnormalities can later spread to other areas of the body, with joint problems (arthropathy) occurring in the elbows, shoulders, knees, hips, and spine. Most people with MONA develop low bone mineral density (osteopenia) and thinning of the bones (osteoporosis) throughout the skeleton. These abnormalities make bones brittle and more prone to fracture. The bone abnormalities also lead to short stature.  Many affected individuals develop subcutaneous nodules, which are firm lumps of noncancerous tissue underneath the skin, especially on the soles of the feet. Some affected individuals also have skin abnormalities including patches of dark, thick, and leathery skin. Other features of MONA can include clouding of the clear front covering of the eye (corneal opacity), excess hair growth (hypertrichosis), overgrowth of the gums, heart abnormalities, and distinctive facial features that are described as ""coarse.""",GHR,"multicentric osteolysis, nodulosis, and arthropathy"
163,"KID syndrome is caused by mutations in the GJB2 gene. This gene provides instructions for making a protein called gap junction beta 2, more commonly known as connexin 26. Connexin 26 is a member of the connexin protein family. Connexin proteins form channels called gap junctions that permit the transport of nutrients, charged atoms (ions), and signaling molecules between neighboring cells that are in contact with each other. Gap junctions made with connexin 26 transport potassium ions and certain small molecules.  Connexin 26 is found in cells throughout the body, including the inner ear and the skin. In the inner ear, channels made from connexin 26 are found in a snail-shaped structure called the cochlea. These channels may help to maintain the proper level of potassium ions required for the conversion of sound waves to electrical nerve impulses. This conversion is essential for normal hearing. In addition, connexin 26 may be involved in the maturation of certain cells in the cochlea. Connexin 26 also plays a role in the growth and maturation of the outermost layer of skin (the epidermis).  The GJB2 gene mutations that cause KID syndrome change single protein building blocks (amino acids) in connexin 26. The mutations are thought to result in channels that constantly leak ions, which impairs the health of the cells and increases cell death. Death of cells in the skin and the inner ear may underlie the ichthyosis and deafness that occur in KID syndrome. It is unclear how GJB2 gene mutations affect the eye.  Because at least one of the GJB2 gene mutations identified in people with KID syndrome also occurs in hystrix-like ichthyosis with deafness (HID), a disorder with similar features but without keratitis, many researchers categorize KID syndrome and HID as a single disorder, which they call KID/HID. It is not known why some people with this mutation have eye problems while others do not.",GHR,keratitis-ichthyosis-deafness syndrome
164,"Familial paroxysmal nonkinesigenic dyskinesia is a disorder of the nervous system that causes periods of involuntary movement. Paroxysmal indicates that the abnormal movements come and go over time. Nonkinesigenic means that episodes are not triggered by sudden movement. Dyskinesia broadly refers to involuntary movement of the body.  People with familial paroxysmal nonkinesigenic dyskinesia experience episodes of abnormal movement that develop without a known cause or are brought on by alcohol, caffeine, stress, fatigue, menses, or excitement. Episodes are not induced by exercise or sudden movement and do not occur during sleep. An episode is characterized by irregular, jerking or shaking movements that range from mild to severe. In this disorder, the dyskinesias can include slow, prolonged contraction of muscles (dystonia); small, fast, ""dance-like"" motions (chorea); writhing movements of the limbs (athetosis); and, rarely, flailing movements of the limbs (ballismus). Dyskinesias also affect muscles in the trunk and face. The type of abnormal movement varies among affected individuals, even among members of the same family. Individuals with familial paroxysmal nonkinesigenic dyskinesia do not lose consciousness during an episode. Most people do not experience any other neurological symptoms between episodes.  Individuals with familial paroxysmal nonkinesigenic dyskinesia usually begin to show signs and symptoms of the disorder during childhood or their early teens. Episodes typically last 1-4 hours, and the frequency of episodes ranges from several per day to one per year. In some affected individuals, episodes occur less often with age.",GHR,familial paroxysmal nonkinesigenic dyskinesia
165,"CHARGE syndrome is inherited in an autosomal dominant pattern, which means one copy of the altered gene in each cell is sufficient to cause the disorder. Most cases result from new mutations in the CHD7 gene and occur in people with no history of the disorder in their family. In rare cases, an affected person inherits the mutation from an affected parent.",GHR,CHARGE syndrome
166,"This condition is inherited in an autosomal recessive pattern, which means both copies of the gene in each cell have mutations. The parents of an individual with an autosomal recessive condition each carry one copy of the mutated gene, but they typically do not show signs and symptoms of the condition.",GHR,achromatopsia
167,"This condition is inherited in an autosomal dominant pattern, which means one copy of the altered gene in each cell is sufficient to cause the disorder.",GHR,tibial muscular dystrophy
168,These resources address the diagnosis or management of CADASIL:  - Butler Hospital: Treatment and Management of CADASIL  - Gene Review: Gene Review: CADASIL  - Genetic Testing Registry: Cerebral autosomal dominant arteriopathy with subcortical infarcts and leukoencephalopathy  - MedlinePlus Encyclopedia: Multi-Infarct Dementia   These resources from MedlinePlus offer information about the diagnosis and management of various health conditions:  - Diagnostic Tests  - Drug Therapy  - Surgery and Rehabilitation  - Genetic Counseling   - Palliative Care,GHR,cerebral autosomal dominant arteriopathy with subcortical infarcts and leukoencephalopathy
169,"22q11.2 deletion syndrome affects an estimated 1 in 4,000 people. However, the condition may actually be more common than this estimate because doctors and researchers suspect it is underdiagnosed due to its variable features. The condition may not be identified in people with mild signs and symptoms, or it may be mistaken for other disorders with overlapping features.",GHR,22q11.2 deletion syndrome
170,"Costello syndrome is a disorder that affects many parts of the body. This condition is characterized by delayed development and intellectual disability, loose folds of skin (which are especially noticeable on the hands and feet), unusually flexible joints, and distinctive facial features including a large mouth. Heart problems are common, including an abnormal heartbeat (arrhythmia), structural heart defects, and a type of heart disease that enlarges and weakens the heart muscle (hypertrophic cardiomyopathy). Infants with Costello syndrome may be larger than average at birth, but most have difficulty feeding and grow more slowly than other children. People with this condition have relatively short stature and may have reduced growth hormone levels. Other signs and symptoms of Costello syndrome can include tight Achilles tendons (which connect the calf muscles to the heel), weak muscle tone (hypotonia), a structural abnormality of the brain called a Chiari I malformation, skeletal abnormalities, dental problems, and problems with vision.  Beginning in early childhood, people with Costello syndrome are at an increased risk of developing certain cancerous and noncancerous tumors. The most common noncancerous tumors associated with this condition are papillomas, which are small, wart-like growths that usually develop around the nose and mouth or near the anus. The most common cancerous tumor associated with Costello syndrome is a childhood cancer called rhabdomyosarcoma, which begins in muscle tissue. Neuroblastoma, a tumor that arises in developing nerve cells, also has been reported in children and adolescents with this syndrome. In addition, some teenagers with Costello syndrome have developed transitional cell carcinoma, a form of bladder cancer that is usually seen in older adults.  The signs and symptoms of Costello syndrome overlap significantly with those of two other genetic conditions, cardiofaciocutaneous syndrome (CFC syndrome) and Noonan syndrome. In affected infants, it can be difficult to tell the three conditions apart based on their physical features. However, the conditions can be distinguished by their genetic cause and by specific patterns of signs and symptoms that develop later in childhood.",GHR,Costello syndrome
171,"Monilethrix can have multiple patterns of inheritance. When the condition is caused by a mutation in one of the keratin genes, it is inherited in an autosomal dominant pattern, which means one copy of the altered gene in each cell is sufficient to cause the disorder. In rare cases, the condition results from a new mutation in the gene and is not inherited.  When the condition is caused by mutations in the DSG4 gene, it is inherited in an autosomal recessive pattern, which means both copies of the gene in each cell have mutations. The parents of an individual with an autosomal recessive condition each carry one copy of the mutated gene, but they typically do not show signs and symptoms of the condition.",GHR,monilethrix
172,"Autosomal recessive congenital methemoglobinemia is an inherited condition that mainly affects the function of red blood cells. Specifically, it alters a molecule within these cells called hemoglobin. Hemoglobin carries oxygen to cells and tissues throughout the body. In people with autosomal recessive congenital methemoglobinemia, some of the normal hemoglobin is replaced by an abnormal form called methemoglobin, which is unable to deliver oxygen to the body's tissues. As a result, tissues in the body become oxygen deprived, leading to a bluish appearance of the skin, lips, and nails (cyanosis).  There are two forms of autosomal recessive congenital methemoglobinemia: types I and II. People with type I have cyanosis from birth and may experience weakness or shortness of breath related to the shortage of oxygen in their tissues. People with type II have cyanosis as well as severe neurological problems. After a few months of apparently normal development, children with type II develop severe brain dysfunction (encephalopathy), uncontrolled muscle tensing (dystonia), and involuntary limb movements (choreoathetosis); also, the size of their head remains small and does not grow in proportion with their body (microcephaly). People with type II have severe intellectual disability; they can recognize faces and usually babble but speak no words. They can sit unassisted and grip objects but have impaired motor skills that leave them unable to walk. In type II, growth is often slowed. Abnormal facial muscle movements can interfere with swallowing, which can lead to feeding difficulties and further slow growth.  People with autosomal recessive congenital methemoglobinemia type I have a normal life expectancy, but people with type II often do not survive past early adulthood.",GHR,autosomal recessive congenital methemoglobinemia
173,"Mutations in the AGXT, GRHPR, and HOGA1 genes cause primary hyperoxaluria types 1, 2, and 3, respectively. These genes provide instructions for making enzymes that are involved in the breakdown and processing of protein building blocks (amino acids) and other compounds. The enzyme produced from the HOGA1 gene is involved in the breakdown of an amino acid, which results in the formation of a compound called glyoxylate. This compound is further broken down by the enzymes produced from the AGXT and GRHPR genes.  Mutations in the AGXT, GRHPR, or HOGA1 gene lead to a decrease in production or activity of the respective proteins, which prevents the normal breakdown of glyoxylate. AGXT and GRHPR gene mutations result in an accumulation of glyoxylate, which is then converted to oxalate for removal from the body as a waste product. HOGA1 gene mutations also result in excess oxalate, although researchers are unsure as to how this occurs. Oxalate that is not excreted from the body combines with calcium to form calcium oxalate deposits, which can damage the kidneys and other organs.",GHR,primary hyperoxaluria
174,"Ornithine transcarbamylase deficiency is an X-linked disorder. A condition is considered X-linked if the mutated gene that causes the disorder is located on the X chromosome, one of the two sex chromosomes. A characteristic of X-linked inheritance is that fathers cannot pass X-linked traits to their sons.  In males (who have only one X chromosome), one altered copy of the gene in each cell is sufficient to cause the condition. In females (who have two X chromosomes), mutations in both copies of the gene will cause the disorder. Some females with only one altered copy of the OTC gene also show signs and symptoms of ornithine transcarbamylase deficiency.",GHR,ornithine transcarbamylase deficiency
175,"This condition is inherited in an autosomal recessive pattern, which means both copies of the gene in each cell have mutations. The parents of an individual with an autosomal recessive condition each carry one copy of the mutated gene, but they typically do not show signs and symptoms of the condition.",GHR,ZAP70-related severe combined immunodeficiency
176,"Urinary retention is the inability to empty the bladder completely. Urinary retention can be acute or chronic. Acute urinary retention happens suddenly and lasts only a short time. People with acute urinary retention cannot urinate at all, even though they have a full bladder. Acute urinary retention, a potentially life-threatening medical condition, requires immediate emergency treatment. Acute urinary retention can cause great discomfort or pain.
                
Chronic urinary retention can be a long-lasting medical condition. People with chronic urinary retention can urinate. However, they do not completely empty all of the urine from their bladders. Often people are not even aware they have this condition until they develop another problem, such as urinary incontinenceloss of bladder control, resulting in the accidental loss of urineor a urinary tract infection (UTI), an illness caused by harmful bacteria growing in the urinary tract.",NIDDK,Urinary Retention
177,"Sodium is found in salt and other foods. Most canned foods and frozen dinners contain large amounts of sodium. Too much sodium makes you thirsty. But if you drink more fluid, your heart has to work harder to pump the fluid through your body. Over time, this can cause high blood pressure and congestive heart failure.
                
Try to eat fresh foods that are naturally low in sodium Look for products labeled low sodium.
                
Do not use salt substitutes because they contain potassium. Talk with a dietitian about spices you can use to flavor your food. The dietitian can help you find spice blends without sodium or potassium.
                

                
Talk With a Dietitian   Talk with a dietitian about spices and other healthy foods you can use to flavor your diet. List them on the lines below.   Spice: _____________________________   Spice: _____________________________   Spice: _____________________________   Food: _____________________________   Food: _____________________________",NIDDK,Kidney Failure: Eat Right to Feel Right on Hemodialysis
178,"A combination of autoimmunity, environmental triggers, and a genetic predisposition can lead to autoimmune hepatitis.",NIDDK,Autoimmune Hepatitis
179,"Eat a high-fiber diet to help prevent problems. Talk to your doctor about using fiber products like Benefiber, Citrucel, or Metamucil. Daily use can help you get the fiber you need if you do not get it through your diet.
                
Ask your doctor about which food choices are right for you.
                
Eating foods high in fiber is simple and can help reduce diverticular disease symptoms and problems.
                
Try eating more of the following:
                
- Fruit. Raw apples, peaches, pears, and tangerines.  - Vegetables. Fresh broccoli, squash, carrots, and brussels sprouts.  - Starchy vegetables. Potatoes, baked beans, kidney beans, and lima beans.  - Grains. Whole-wheat bread, brown rice, bran flake cereal, and oatmeal.
                
Talk with your doctor about making diet changes. Learn what to eat and how to put more of these high-fiber foods in your diet.",NIDDK,What I need to know about Diverticular Disease
180,"Blood tests to check levels of liver enzymes are the first step in diagnosing PSC. Doctors confirm the diagnosis using cholangiography, which provides pictures of the bile ducts.
                
Cholangiography can be performed in the following ways:
                
-  Endoscopic retrograde cholangiopancreatography (ERCP). ERCP uses an endoscopea long, flexible, lighted tubethat goes down the mouth, beyond the stomach, and into the duodenum to reach an area in the digestive tract where dye can be injected into the bile ducts. X rays are taken when the dye is injected. ERCP also can be used to take a tissue sample or to treat blocked ducts. More information about ERCP is provided in the NIDDK health topic, ERCP (Endoscopic Retrograde Cholangiopancreatography).  -  Percutaneous transhepatic cholangiography. This procedure involves inserting a needle through the skin and placing a thin tube into a duct in the liver. Dye is injected through the tube and x rays are taken.  -  Magnetic resonance cholangiopancreatography (MRCP). MRCP uses magnetic resonance imaging (MRI) to obtain pictures of the bile ducts. MRI machines use radio waves and magnets to scan internal organs and tissues. MRCP does not involve using x rays or inserting instruments into the body. This safe and painless test is increasingly used for diagnosis.
                
Other testing may include ultrasound exams and a liver biopsy. Ultrasound uses sound waves to create images of organs inside the body. A biopsy involves removal of a small piece of tissue for examination with a microscope.",NIDDK,Primary Sclerosing Cholangitis
181,"The kidneys are two bean-shaped organs, each about the size of a fist. They are located just below the rib cage, one on each side of the spine. Every day, the two kidneys filter about 120 to 150 quarts of blood to produce about 1 to 2 quarts of urine, composed of wastes and extra fluid. The urine flows from the kidneys to the bladder through two thin tubes of muscle called ureters, one on each side of the bladder. The bladder stores urine. The muscles of the bladder wall remain relaxed while the bladder fills with urine. As the bladder fills to capacity, signals sent to the brain tell a person to find a toilet soon. When the bladder empties, urine flows out of the body through a tube called the urethra, located at the bottom of the bladder. In men the urethra is long, while in women it is short.",NIDDK,Kidney Failure: Choosing a Treatment That's Right for You
182,"You can try to find the cause of gas by keeping a diary of what you eat and drink and how often you burp, pass gas, or have other symptoms. The diary may help you identify the foods that cause you to have gas.
                
Talk with your health care provider if
                
- gas symptoms often bother you  - your symptoms change suddenly  - you have new symptoms, especially if you are older than age 40  - you have other symptomssuch as constipation, diarrhea, or weight lossalong with gas
                

                
Your health care provider will ask about your diet and symptoms. Your health care provider may review your diary to see if specific foods are causing gas.
                
If milk or milk products are causing gas, your health care provider may perform blood or breath tests to check for lactose intolerance. Lactose intolerance means you have trouble digesting lactose. Your health care provider may ask you to avoid milk and milk products for a short time to see if your gas symptoms improve.
                
Your health care provider may test for other digestive problems, depending on your symptoms.",NIDDK,What I need to know about Gas
183,"- If you have diabetes, you are at least twice as likely as other people to have heart disease or a stroke.  - Controlling the ABCs of diabetesA1C (blood glucose), blood pressure, and cholesterol-can cut your risk of heart disease and stroke.  - Choosing foods wisely, quitting smoking, and taking medications (if needed) can all help lower your risk of heart disease and stroke.  - If you have any warning signs of a heart attack or a stroke, get medical care immediatelydon't delay. Early treatment of heart attack and stroke in a hospital emergency room can reduce damage to the heart and the brain.",NIDDK,"Diabetes, Heart Disease, and Stroke"
184,"The signs and symptoms of Peyronies disease may include
                
- hard lumps on one or more sides of the penis  - pain during sexual intercourse or during an erection  - a curve in the penis either with or without an erection  - narrowing or shortening of the penis  - ED
                
Symptoms of Peyronies disease range from mild to severe. Symptoms may develop slowly or appear quickly. In many cases, the pain decreases over time, although the curve in the penis may remain. In milder cases, symptoms may go away without causing a permanent curve.",NIDDK,Peyronie's Disease
185,"The problems of gastroparesis can include
                
- severe dehydration due to persistent vomiting  - gastroesophageal reflux disease (GERD), which is GER that occurs more than twice a week for a few weeks; GERD can lead to esophagitis irritation of the esophagus  - bezoars, which can cause nausea, vomiting, obstruction, or interfere with absorption of some medications in pill form  - difficulty managing blood glucose levels in people with diabetes  - malnutrition due to poor absorption of nutrients or a low calorie intake  - decreased quality of life, including work absences due to severe symptoms",NIDDK,Gastroparesis
186,"Experts recommend that people eat a balanced diet to obtain most nutrients. More information about diet and nutrition is provided by the National Agricultural Library at www.nutrition.gov.
                
Dietary Supplements
                
Iodine is an essential mineral for the thyroid. However, people with autoimmune thyroid disease may be sensitive to harmful side effects from iodine. Taking iodine drops or eating foods containing large amounts of iodinesuch as seaweed, dulse, or kelpmay cause or worsen hyperthyroidism. More information about iodine is provided by the National Library of Medicine in the fact sheet, Iodine in diet, available at www.nlm.nih.gov/medlineplus.
                
Women need more iodine when they are pregnantabout 250 micrograms a daybecause the baby gets iodine from the mothers diet. In the United States, about 7 percent of pregnant women may not get enough iodine in their diet or through prenatal vitamins.6 Choosing iodized saltsalt supplemented with iodineover plain salt and prenatal vitamins containing iodine will ensure this need is met.
                
To help ensure coordinated and safe care, people should discuss their use of dietary supplements, such as iodine, with their health care provider. Tips for talking with health care providers are available through the National Center for Complementary and Integrative Health.",NIDDK,Hyperthyroidism
187,"- Abdominal adhesions are bands of fibrous tissue that can form between abdominal tissues and organs. Abdominal adhesions cause tissues and organs in the abdominal cavity to stick together.  - Abdominal surgery is the most frequent cause of abdominal adhesions. Of patients who undergo abdominal surgery, 93 percent develop abdominal adhesions.  - In most cases, abdominal adhesions do not cause symptoms. When symptoms are present, chronic abdominal pain is the most common.  - A complete intestinal obstruction is life threatening and requires immediate medical attention and often surgery.  - Abdominal adhesions cannot be detected by tests or seen through imaging techniques such as x rays or ultrasound. However, abdominal x rays, a lower gastrointestinal (GI) series, and computerized tomography (CT) scans can diagnose intestinal obstructions.  - Surgery is the only way to treat abdominal adhesions that cause pain, intestinal obstruction, or fertility problems.",NIDDK,Abdominal Adhesions
188,"Your eating, diet, and nutrition choices play an important role in preventing or delaying diabetes. Follow the suggestions below to reach and maintain a reasonable weight and make wise food choices most of the time. Remember that it can take time to change your habits and be patient with yourself. You can also get help from a dietitian or join a weight-loss program to support you while you reach your goals.
                

                
Reach and Maintain a Reasonable Body Weight
                
Your weight affects your health in many ways. Being overweight can keep your body from making and using insulin properly. Excess body weight can also cause high blood pressure. Every pound you lose lowers your risk of getting diabetes.
                
In addition to weight, the location of excess fat on the body can be important. A waist measurement of 40 inches or more for men and 35 inches or more for women is linked to insulin resistance and increases a persons risk for type 2 diabetes. This is true even if your BMI falls within the normal range.
                

                
Find Your BMI
                
The BMI is a measure of body weight relative to height. The BMI can help you find out whether you are normal weight, overweight, or obese. Use the table on pages 24 and 25 to find your BMI.
                
- Find your height in the left-hand column.  - Move across in the same row to the number closest to your weight.  - The number at the top of that column is your BMI. Check the word above your BMI to see whether you are normal weight, overweight, or obese.
                
The BMI has certain limitations. The BMI may overestimate body fat in athletes and others who have a muscular build and underestimate body fat in older adults and others who have lost muscle.
                
The BMI for children and teens must be determined based on age, height, weight, and sex. The Centers for Disease Control and Prevention (CDC) has information about BMI in children and teens, including a BMI calculator, at www.cdc.gov/nccdphp/dnpa/bmi. The CDC website also has a BMI calculator for adults. A BMI calculator from the NIH is available at www.nhlbi.nih.gov/health/educational/lose_wt/BMI/bmicalc.htm.
                
The NIH also has a free smartphone app for calculating BMI. You can search My BMI Calculator on your phone to find the app. The app also provides links to information about steps you can take to bring your BMI into a healthy range.",NIDDK,Am I at Risk for Type 2 Diabetes? Taking Steps to Lower Your Risk of Getting Diabetes
189,"The complications of kidney dysplasia can include
                
- hydronephrosis of the working kidney. A baby with kidney dysplasia in only one kidney might have other urinary tract defects. When other defects in the urinary tract block the flow of urine, the urine backs up and causes the kidneys and ureters to swell, a condition called hydronephrosis. If left untreated, hydronephrosis can damage the working kidney and reduce its ability to filter blood. Kidney damage may lead to chronic kidney disease (CKD) and kidney failure.  - a urinary tract infection (UTI). A urine blockage may increase a babys chance of developing a UTI. Recurring UTIs can also lead to kidney damage.  - high blood pressure.  - a slightly increased chance of developing kidney cancer.
                
More information is provided in the NIDDK health topics, urine blockage in newbornsand UTIs in children.",NIDDK,Kidney Dysplasia
190,"Scientists have not discovered a way to reverse medullary sponge kidney. Once a health care provider is sure a person has medullary sponge kidney, treatment focuses on
                
- curing an existing UTI  - removing any kidney stones
                
Curing an Existing Urinary Tract Infection
                
To treat a UTI, the health care provider may prescribe a medication called an antibiotic that kills bacteria. The choice of medication and length of treatment depend on the persons medical history and the type of bacteria causing the infection. More information is provided in the NIDDK health topic, Urinary Tract Infections in Adults.
                
Removing Kidney Stones
                
Treatment for kidney stones usually depends on their size and what they are made of, as well as whether they are causing pain or obstructing the urinary tract. Kidney stones may be treated by a general practitioner or by a urologista doctor who specializes in the urinary tract.
                
Small stones usually pass through the urinary tract without treatment. Still, the person may need pain medication and should drink lots of liquids to help move the stone along. Pain control may consist of oral or intravenous (IV) medication, depending on the duration and severity of the pain. People may need IV fluids if they become dehydrated from vomiting or an inability to drink.
                
A person with a larger stone, or one that blocks urine flow and causes great pain, may need more urgent treatment, such as
                
- shock wave lithotripsy. A machine called a lithotripter is used to break up the kidney stone into smaller pieces to pass more easily through the urinary tract. The patient may need local or general anesthesia.  - ureteroscopy. A ureteroscopea long, tubelike instrument with an eyepieceis used to find and retrieve the stone with a small basket or to break the stone up with laser energy. Local or general anesthesia may be required.  - percutaneous nephrolithotomy. In this procedure, a wire-thin viewing instrument, called a nephroscope, is used to locate and remove the stones. During the procedure, which requires general anesthesia, a tube is inserted directly into the kidney through a small incision in the patients back.
                
More information is provided in the NIDDK health topic, Kidney Stones in Adults.",NIDDK,Medullary Sponge Kidney
191,"Interstitial cystitis*painful bladder syndrome (IC/PBS) is one of several conditions that causes bladder pain and a need to urinate frequently and urgently. Some doctors have started using the term bladder pain syndrome (BPS) to describe this condition.
                
Your bladder is a balloon-shaped organ where your body holds urine. When you have a bladder problem, you may notice certain signs or symptoms.
                
*See Pronounciation Guide for tips on how to say the words in bold type.",NIDDK,What I need to know about Interstitial Cystitis/Painful Bladder Syndrome
192,"Many different problems can cause urgency, frequency, and bladder pain. Just a few of them are
                
- infections  - bowel disorders  - endometriosistissue that normally lines the womb that appears in other places outside of the womb  - bladder cancer
                
Your doctor will ask you questions and run tests to find the cause of your bladder problems. Usually, the doctor will find that you have either an infection or an overactive bladder. But urgency, frequency, and pain are not always caused by infection.
                
Sometimes the cause is hard to find. If all the test results are normal and all other diseases are ruled out, your doctor may find that you have IC/PBS.",NIDDK,What I need to know about Interstitial Cystitis/Painful Bladder Syndrome
193,"The signs and symptoms of diabetes are
                
- being very thirsty  - urinating often  - feeling very hungry  - feeling very tired  - losing weight without trying  - sores that heal slowly  - dry, itchy skin  - feelings of pins and needles in your feet  - losing feeling in your feet  - blurry eyesight
                
Some people with diabetes dont have any of these signs or symptoms. The only way to know if you have diabetes is to have your doctor do a blood test.",NIDDK,Your Guide to Diabetes: Type 1 and Type 2
194,"Anemia is a condition in which the body has fewer red blood cells than normal. Red blood cells carry oxygen to tissues and organs throughout the body and enable them to use energy from food. With anemia, red blood cells carry less oxygen to tissues and organsparticularly the heart and brainand those tissues and organs may not function as well as they should.",NIDDK,Anemia in Chronic Kidney Disease
195,"You and your doctor will work together to choose a treatment that's best for you. The publications of the NIDDK Kidney Failure Series can help you learn about the specific issues you will face.
                
Booklets
                
- Treatment Methods for Kidney Failure: Hemodialysis  - Treatment Methods for Kidney Failure: Peritoneal Dialysis  - Treatment Methods for Kidney Failure: Kidney Transplantation  - Kidney Failure: Eat Right to Feel Right on Hemodialysis
                
Fact Sheets
                
- Kidney Failure: What to Expect  - Vascular Access for Hemodialysis  - Treatment Methods for Kidney Failure: Hemodialysis  - Hemodialysis Dose and Adequacy  - Peritoneal Dialysis Dose and Adequacy  - Amyloidosis and Kidney Disease  - Anemia in Chronic Kidney Disease  - Chronic Kidney Disease-Mineral and Bone Disorder  - Financial Help for Treatment of Kidney Failure
                
Learning as much as you can about your treatment will help make you an important member of your health care team.
                

                

                
This content is provided as a service of the National Institute of Diabetes and Digestive and Kidney Diseases (NIDDK), part of the National Institutes of Health. The NIDDK translates and disseminates research findings through its clearinghouses and education programs to increase knowledge and understanding about health and disease among patients, health professionals, and the public. Content produced by the NIDDK is carefully reviewed by NIDDK scientists and other experts.
                
The NIDDK would like to thank: John C. Stivelman, M.D., Emory University School of Medicine; Kerri Cavanaugh, M.D., M.H.S., Vanderbilt University
                
This information is not copyrighted. The NIDDK encourages people to share this content freely.
                

                

                
July 2014",NIDDK,Anemia in Chronic Kidney Disease
196,"Secondary VUR is treated by removing the blockage causing the reflux. Treatment may involve
                
- surgery  - antibiotics  - intermittent catheterizationdraining the bladder by inserting a thin tube, called a catheter, through the urethra to the bladder",NIDDK,Vesicoureteral Reflux
197,Researchers have not found a way to prevent childhood nephrotic syndrome when the cause is idiopathic or congenital.,NIDDK,Childhood Nephrotic Syndrome
